fecha,dato
2008-01-02,10.8972
2008-01-03,10.8842
2008-01-04,10.9277
2008-01-07,10.9208
2008-01-08,10.885
2008-01-09,10.962
2008-01-10,10.9572
2008-01-11,10.9318
2008-01-14,10.914
2008-01-15,10.9203
2008-01-16,10.9458
2008-01-17,10.9445
2008-01-18,10.9235
2008-01-21,10.9813
2008-01-22,10.9232
2008-01-23,10.9522
2008-01-24,10.8934
2008-01-25,10.8698
2008-01-28,10.8784
2008-01-29,10.8444
2008-01-30,10.8374
2008-01-31,10.8262
2008-02-01,10.8138
2008-02-05,10.8289
2008-02-06,10.8227
2008-02-07,10.804
2008-02-08,10.7575
2008-02-11,10.7736
2008-02-12,10.7465
2008-02-13,10.7509
2008-02-14,10.7413
2008-02-15,10.7653
2008-02-18,10.735
2008-02-19,10.7489
2008-02-20,10.7939
2008-02-21,10.798
2008-02-22,10.7818
2008-02-25,10.7855
2008-02-26,10.743
2008-02-27,10.7344
2008-02-28,10.6813
2008-02-29,10.7243
2008-03-03,10.7046
2008-03-04,10.7098
2008-03-05,10.6978
2008-03-06,10.7649
2008-03-07,10.8383
2008-03-10,10.8478
2008-03-11,10.7965
2008-03-12,10.7735
2008-03-13,10.7778
2008-03-14,10.7613
2008-03-18,10.704
2008-03-19,10.6944
2008-03-24,10.6748
2008-03-25,10.6793
2008-03-26,10.6957
2008-03-27,10.6962
2008-03-28,10.6987
2008-03-31,10.6482
2008-04-01,10.5985
2008-04-02,10.5557
2008-04-03,10.5644
2008-04-04,10.559
2008-04-07,10.5395
2008-04-08,10.561
2008-04-09,10.5552
2008-04-10,10.5503
2008-04-11,10.5337
2008-04-14,10.4919
2008-04-15,10.4843
2008-04-16,10.4579
2008-04-17,10.4828
2008-04-18,10.461
2008-04-21,10.5223
2008-04-22,10.5181
2008-04-23,10.4868
2008-04-24,10.462
2008-04-25,10.4702
2008-04-28,10.4464
2008-04-29,10.5272
2008-04-30,10.5095
2008-05-02,10.4585
2008-05-05,10.4687
2008-05-06,10.4937
2008-05-07,10.539
2008-05-08,10.5465
2008-05-09,10.5666
2008-05-12,10.5058
2008-05-13,10.4835
2008-05-14,10.4884
2008-05-15,10.4769
2008-05-16,10.4266
2008-05-19,10.3792
2008-05-20,10.4002
2008-05-21,10.3644
2008-05-22,10.381
2008-05-23,10.4
2008-05-26,10.3848
2008-05-27,10.3925
2008-05-28,10.3447
2008-05-29,10.3066
2008-05-30,10.3306
2008-06-02,10.3417
2008-06-03,10.2992
2008-06-04,10.3211
2008-06-05,10.3108
2008-06-06,10.3582
2008-06-09,10.362
2008-06-10,10.3847
2008-06-11,10.4268
2008-06-12,10.395
2008-06-13,10.3655
2008-06-16,10.3399
2008-06-17,10.3153
2008-06-18,10.2935
2008-06-19,10.3156
2008-06-20,10.2753
2008-06-23,10.3032
2008-06-24,10.318
2008-06-25,10.2938
2008-06-26,10.2841
2008-06-27,10.3028
2008-06-30,10.3069
2008-07-01,10.3908
2008-07-02,10.3722
2008-07-03,10.3692
2008-07-04,10.3411
2008-07-07,10.3263
2008-07-08,10.3363
2008-07-09,10.2993
2008-07-10,10.3076
2008-07-11,10.312
2008-07-14,10.2925
2008-07-15,10.3229
2008-07-16,10.2608
2008-07-17,10.2311
2008-07-18,10.2047
2008-07-21,10.1708
2008-07-22,10.1178
2008-07-23,10.0552
2008-07-24,10.0264
2008-07-25,10.019
2008-07-28,10.0706
2008-07-29,10.061
2008-07-30,10.034
2008-07-31,10.0353
2008-08-01,9.9705
2008-08-04,9.9335
2008-08-05,9.918
2008-08-06,9.9485
2008-08-07,9.9877
2008-08-08,10.1305
2008-08-11,10.1295
2008-08-12,10.159
2008-08-13,10.1968
2008-08-14,10.1586
2008-08-15,10.1966
2008-08-18,10.1395
2008-08-19,10.1867
2008-08-20,10.1343
2008-08-21,10.1106
2008-08-22,10.0991
2008-08-25,10.1183
2008-08-26,10.173
2008-08-27,10.1421
2008-08-28,10.1822
2008-08-29,10.2847
2008-09-01,10.3423
2008-09-02,10.3781
2008-09-03,10.3852
2008-09-04,10.4658
2008-09-05,10.5143
2008-09-08,10.481
2008-09-09,10.5013
2008-09-10,10.5862
2008-09-11,10.6745
2008-09-12,10.5828
2008-09-15,10.7054
2008-09-17,10.8702
2008-09-18,10.8365
2008-09-19,10.6133
2008-09-22,10.5879
2008-09-23,10.7264
2008-09-24,10.7879
2008-09-25,10.7653
2008-09-26,10.7919
2008-09-29,10.9397
2008-09-30,10.9814
2008-10-01,10.9811
2008-10-02,11.1296
2008-10-03,11.1188
2008-10-06,11.7667
2008-10-07,12.1196
2008-10-08,13.0417
2008-10-09,12.4433
2008-10-10,13.0867
2008-10-13,12.3743
2008-10-14,12.345
2008-10-15,12.7192
2008-10-16,13.0633
2008-10-17,12.8475
2008-10-20,12.7617
2008-10-21,13.1233
2008-10-22,13.5592
2008-10-23,13.5025
2008-10-24,13.4
2008-10-27,13.3083
2008-10-28,13.3692
2008-10-29,12.9142
2008-10-30,12.8342
2008-10-31,12.7125
2008-11-03,12.7875
2008-11-04,12.4862
2008-11-05,12.6042
2008-11-06,12.95
2008-11-07,12.8392
2008-11-10,12.785
2008-11-11,12.9892
2008-11-12,13.0875
2008-11-13,13.1663
2008-11-14,13.0242
2008-11-18,13.195
2008-11-19,13.18
2008-11-20,13.5758
2008-11-21,13.9183
2008-11-24,13.4958
2008-11-25,13.3142
2008-11-26,13.2117
2008-11-27,13.2325
2008-11-28,13.3225
2008-12-01,13.58
2008-12-02,13.53
2008-12-03,13.5996
2008-12-04,13.5358
2008-12-05,13.7567
2008-12-08,13.4597
2008-12-09,13.4921
2008-12-10,13.4722
2008-12-11,13.1821
2008-12-15,13.3317
2008-12-16,13.2717
2008-12-17,13.1275
2008-12-18,13.215
2008-12-19,13.1197
2008-12-22,13.1742
2008-12-23,13.2175
2008-12-24,13.3114
2008-12-26,13.3538
2008-12-29,13.5383
2008-12-30,13.7738
2008-12-31,13.8325
2009-01-02,13.7678
2009-01-05,13.5507
2009-01-06,13.3458
2009-01-07,13.4136
2009-01-08,13.5045
2009-01-09,13.7008
2009-01-12,13.7608
2009-01-13,13.839
2009-01-14,14.1083
2009-01-15,14.2192
2009-01-16,13.9058
2009-01-19,13.9777
2009-01-20,13.9382
2009-01-21,13.9145
2009-01-22,13.9325
2009-01-23,14.095
2009-01-26,13.9342
2009-01-27,14.1675
2009-01-28,14.1513
2009-01-29,14.1975
2009-01-30,14.3097
2009-02-03,14.5404
2009-02-04,14.4667
2009-02-05,14.2945
2009-02-06,14.1778
2009-02-09,14.1392
2009-02-10,14.3575
2009-02-11,14.5313
2009-02-12,14.6013
2009-02-13,14.4326
2009-02-16,14.5288
2009-02-17,14.6118
2009-02-18,14.6725
2009-02-19,14.5505
2009-02-20,14.8163
2009-02-23,14.8528
2009-02-24,14.8327
2009-02-25,14.9275
2009-02-26,14.9322
2009-02-27,15.0698
2009-03-02,15.365
2009-03-03,15.3372
2009-03-04,15.2178
2009-03-05,15.2855
2009-03-06,15.2633
2009-03-09,15.3517
2009-03-10,15.3142
2009-03-11,15.1145
2009-03-12,14.9083
2009-03-13,14.569
2009-03-17,14.0502
2009-03-18,14.1457
2009-03-19,14.08
2009-03-20,14.148
2009-03-23,14.3204
2009-03-24,14.2683
2009-03-25,14.2358
2009-03-26,14.2163
2009-03-27,14.3317
2009-03-30,14.3855
2009-03-31,14.1517
2009-04-01,13.9108
2009-04-02,13.7924
2009-04-03,13.6137
2009-04-06,13.6325
2009-04-07,13.5712
2009-04-08,13.3648
2009-04-13,13.0914
2009-04-14,13.086
2009-04-15,13.1683
2009-04-16,13.0511
2009-04-17,13.1558
2009-04-20,13.32
2009-04-21,13.175
2009-04-22,13.1457
2009-04-23,13.3099
2009-04-24,13.2318
2009-04-27,13.755
2009-04-28,13.8667
2009-04-29,13.6485
2009-04-30,13.8443
2009-05-04,13.35
2009-05-05,13.2242
2009-05-06,13.2268
2009-05-07,13.1103
2009-05-08,13.1067
2009-05-11,13.1008
2009-05-12,13.2208
2009-05-13,13.3177
2009-05-14,13.2983
2009-05-15,13.2058
2009-05-18,13.1363
2009-05-19,12.968
2009-05-20,12.8695
2009-05-21,13.103
2009-05-22,13.1728
2009-05-25,13.1375
2009-05-26,13.1338
2009-05-27,13.159
2009-05-28,13.2337
2009-05-29,13.1667
2009-06-01,13.155
2009-06-02,13.2609
2009-06-03,13.3172
2009-06-04,13.2675
2009-06-05,13.2768
2009-06-08,13.45
2009-06-09,13.4793
2009-06-10,13.6507
2009-06-11,13.4581
2009-06-12,13.3997
2009-06-15,13.4523
2009-06-16,13.3525
2009-06-17,13.4698
2009-06-18,13.3694
2009-06-19,13.3248
2009-06-22,13.3782
2009-06-23,13.3187
2009-06-24,13.3051
2009-06-25,13.2778
2009-06-26,13.2023
2009-06-29,13.1812
2009-06-30,13.1722
2009-07-01,13.0972
2009-07-02,13.1695
2009-07-03,13.2428
2009-07-06,13.2547
2009-07-07,13.2724
2009-07-08,13.4333
2009-07-09,13.5758
2009-07-10,13.7052
2009-07-13,13.8105
2009-07-14,13.7645
2009-07-15,13.6526
2009-07-16,13.587
2009-07-17,13.3895
2009-07-20,13.3158
2009-07-21,13.2879
2009-07-22,13.2312
2009-07-23,13.1915
2009-07-24,13.2247
2009-07-27,13.2167
2009-07-28,13.2825
2009-07-29,13.2643
2009-07-30,13.2223
2009-07-31,13.2125
2009-08-03,13.1293
2009-08-04,13.1073
2009-08-05,13.105
2009-08-06,12.9926
2009-08-07,12.9349
2009-08-10,12.922
2009-08-11,12.9937
2009-08-12,12.997
2009-08-13,12.8658
2009-08-14,12.8766
2009-08-17,12.9963
2009-08-18,12.9555
2009-08-19,12.9159
2009-08-20,12.8733
2009-08-21,12.8227
2009-08-24,12.8274
2009-08-25,12.8975
2009-08-26,13.1378
2009-08-27,13.2462
2009-08-28,13.2579
2009-08-31,13.314
2009-09-01,13.5246
2009-09-02,13.6427
2009-09-03,13.5898
2009-09-04,13.4658
2009-09-07,13.3646
2009-09-08,13.2826
2009-09-09,13.3923
2009-09-10,13.4582
2009-09-11,13.3432
2009-09-14,13.3892
2009-09-15,13.3475
2009-09-17,13.23
2009-09-18,13.2413
2009-09-21,13.353
2009-09-22,13.3186
2009-09-23,13.3733
2009-09-24,13.4549
2009-09-25,13.5243
2009-09-28,13.5042
2009-09-29,13.5513
2009-09-30,13.4928
2009-10-01,13.6242
2009-10-02,13.6773
2009-10-05,13.655
2009-10-06,13.4943
2009-10-07,13.4673
2009-10-08,13.3227
2009-10-09,13.255
2009-10-12,13.2178
2009-10-13,13.1774
2009-10-14,13.0779
2009-10-15,13.0884
2009-10-16,13.1057
2009-10-19,13.084
2009-10-20,12.9407
2009-10-21,12.9196
2009-10-22,12.9495
2009-10-23,12.9798
2009-10-26,13.149
2009-10-27,13.2662
2009-10-28,13.2823
2009-10-29,13.0825
2009-10-30,13.1479
2009-11-03,13.2908
2009-11-04,13.2708
2009-11-05,13.343
2009-11-06,13.3758
2009-11-09,13.2996
2009-11-10,13.2308
2009-11-11,13.1622
2009-11-12,13.2061
2009-11-13,13.1012
2009-11-17,13.0875
2009-11-18,12.9818
2009-11-19,13.0502
2009-11-20,13.0895
2009-11-23,13.0151
2009-11-24,12.9305
2009-11-25,12.866
2009-11-26,12.9475
2009-11-27,12.9139
2009-11-30,12.9157
2009-12-01,12.8557
2009-12-02,12.8026
2009-12-03,12.6658
2009-12-04,12.5969
2009-12-07,12.6558
2009-12-08,12.8399
2009-12-09,12.9862
2009-12-10,12.9739
2009-12-11,12.9253
2009-12-14,12.8105
2009-12-15,12.7234
2009-12-16,12.698
2009-12-17,12.9331
2009-12-18,12.8979
2009-12-21,12.8121
2009-12-22,12.9449
2009-12-23,12.8896
2009-12-24,12.8793
2009-12-28,12.9288
2009-12-29,13.0587
2009-12-30,13.0437
2009-12-31,13.0659
2010-01-04,12.9226
2010-01-05,12.8241
2010-01-06,12.7489
2010-01-07,12.7646
2010-01-08,12.7243
2010-01-11,12.6692
2010-01-12,12.7291
2010-01-13,12.7698
2010-01-14,12.7364
2010-01-15,12.6884
2010-01-18,12.6664
2010-01-19,12.6478
2010-01-20,12.7388
2010-01-21,12.772
2010-01-22,12.9412
2010-01-25,12.9018
2010-01-26,12.8549
2010-01-27,12.9295
2010-01-28,12.9975
2010-01-29,13.0098
2010-02-02,12.8699
2010-02-03,12.9395
2010-02-04,13.0687
2010-02-05,13.1753
2010-02-08,13.164
2010-02-09,13.0836
2010-02-10,13.0601
2010-02-11,13.0609
2010-02-12,12.9764
2010-02-15,12.942
2010-02-16,12.8683
2010-02-17,12.8781
2010-02-18,12.8442
2010-02-19,12.8337
2010-02-22,12.8017
2010-02-23,12.8584
2010-02-24,12.8539
2010-02-25,12.8503
2010-02-26,12.7769
2010-03-01,12.7454
2010-03-02,12.7259
2010-03-03,12.69
2010-03-04,12.7182
2010-03-05,12.6557
2010-03-08,12.6618
2010-03-09,12.6574
2010-03-10,12.6028
2010-03-11,12.6192
2010-03-12,12.5527
2010-03-16,12.5254
2010-03-17,12.4892
2010-03-18,12.4729
2010-03-19,12.5796
2010-03-22,12.6052
2010-03-23,12.5284
2010-03-24,12.5381
2010-03-25,12.5009
2010-03-26,12.5426
2010-03-29,12.464
2010-03-30,12.4145
2010-03-31,12.3306
2010-04-05,12.2658
2010-04-06,12.2454
2010-04-07,12.2218
2010-04-08,12.2488
2010-04-09,12.1997
2010-04-12,12.1808
2010-04-13,12.2122
2010-04-14,12.1827
2010-04-15,12.1934
2010-04-16,12.2356
2010-04-19,12.3064
2010-04-20,12.2188
2010-04-21,12.1896
2010-04-22,12.2405
2010-04-23,12.1973
2010-04-26,12.1575
2010-04-27,12.2278
2010-04-28,12.3698
2010-04-29,12.2465
2010-04-30,12.2626
2010-05-03,12.2605
2010-05-04,12.4288
2010-05-05,12.6635
2010-05-06,12.7884
2010-05-07,12.9179
2010-05-10,12.5297
2010-05-11,12.5025
2010-05-12,12.4351
2010-05-13,12.3501
2010-05-14,12.5684
2010-05-17,12.6926
2010-05-18,12.5787
2010-05-19,12.9138
2010-05-20,13.1412
2010-05-21,13.0338
2010-05-24,12.9588
2010-05-25,13.1819
2010-05-26,12.9955
2010-05-27,12.8846
2010-05-28,12.8589
2010-05-31,12.9146
2010-06-01,12.9012
2010-06-02,12.8625
2010-06-03,12.7644
2010-06-04,12.8603
2010-06-07,12.9202
2010-06-08,12.9288
2010-06-09,12.8093
2010-06-10,12.7441
2010-06-11,12.6748
2010-06-14,12.5974
2010-06-15,12.6001
2010-06-16,12.5878
2010-06-17,12.5925
2010-06-18,12.54
2010-06-21,12.4604
2010-06-22,12.5246
2010-06-23,12.6984
2010-06-24,12.7141
2010-06-25,12.7042
2010-06-28,12.6567
2010-06-29,12.8394
2010-06-30,12.8441
2010-07-01,13.0325
2010-07-02,13.059
2010-07-05,13.0953
2010-07-06,12.9308
2010-07-07,12.8975
2010-07-08,12.8232
2010-07-09,12.7859
2010-07-12,12.8233
2010-07-13,12.714
2010-07-14,12.7176
2010-07-15,12.7795
2010-07-16,12.9013
2010-07-19,12.9162
2010-07-20,12.8549
2010-07-21,12.7798
2010-07-22,12.756
2010-07-23,12.7749
2010-07-26,12.6975
2010-07-27,12.6469
2010-07-28,12.6798
2010-07-29,12.7038
2010-07-30,12.6455
2010-08-02,12.5728
2010-08-03,12.6048
2010-08-04,12.5535
2010-08-05,12.5367
2010-08-06,12.655
2010-08-09,12.6461
2010-08-10,12.6927
2010-08-11,12.7432
2010-08-12,12.7258
2010-08-13,12.7256
2010-08-16,12.6458
2010-08-17,12.5944
2010-08-18,12.6073
2010-08-19,12.7226
2010-08-20,12.7683
2010-08-23,12.8492
2010-08-24,12.936
2010-08-25,13.0453
2010-08-26,12.984
2010-08-27,13.0148
2010-08-30,13.1367
2010-08-31,13.1676
2010-09-01,13.0538
2010-09-02,13.055
2010-09-03,12.9526
2010-09-06,12.9395
2010-09-07,13.0566
2010-09-08,13.0034
2010-09-09,12.9853
2010-09-10,12.9616
2010-09-13,12.8729
2010-09-14,12.8355
2010-09-15,12.7793
2010-09-20,12.7623
2010-09-21,12.7594
2010-09-22,12.6886
2010-09-23,12.6422
2010-09-24,12.5491
2010-09-27,12.5168
2010-09-28,12.5011
2010-09-29,12.4801
2010-09-30,12.5998
2010-10-01,12.5511
2010-10-04,12.5875
2010-10-05,12.5099
2010-10-06,12.4779
2010-10-07,12.5277
2010-10-08,12.4895
2010-10-11,12.4224
2010-10-12,12.432
2010-10-13,12.3683
2010-10-14,12.4101
2010-10-15,12.4276
2010-10-18,12.4135
2010-10-19,12.4818
2010-10-20,12.4117
2010-10-21,12.3613
2010-10-22,12.3877
2010-10-25,12.3205
2010-10-26,12.3859
2010-10-27,12.4776
2010-10-28,12.4023
2010-10-29,12.3387
2010-11-01,12.3452
2010-11-03,12.3041
2010-11-04,12.2381
2010-11-05,12.2055
2010-11-08,12.2483
2010-11-09,12.2068
2010-11-10,12.2714
2010-11-11,12.2596
2010-11-12,12.2626
2010-11-16,12.4353
2010-11-17,12.3783
2010-11-18,12.2924
2010-11-19,12.2996
2010-11-22,12.309
2010-11-23,12.4577
2010-11-24,12.3912
2010-11-25,12.3669
2010-11-26,12.489
2010-11-29,12.5538
2010-11-30,12.4664
2010-12-01,12.3967
2010-12-02,12.3546
2010-12-03,12.3597
2010-12-06,12.3884
2010-12-07,12.4123
2010-12-08,12.4484
2010-12-09,12.4586
2010-12-10,12.4617
2010-12-13,12.3869
2010-12-14,12.3703
2010-12-15,12.3963
2010-12-16,12.4505
2010-12-17,12.4345
2010-12-20,12.417
2010-12-21,12.372
2010-12-22,12.3379
2010-12-23,12.3332
2010-12-24,12.3459
2010-12-27,12.3653
2010-12-28,12.3567
2010-12-29,12.3571
2010-12-30,12.3817
2010-12-31,12.3496
2011-01-03,12.2574
2011-01-04,12.2619
2011-01-05,12.2064
2011-01-06,12.2256
2011-01-07,12.2369
2011-01-10,12.2542
2011-01-11,12.1907
2011-01-12,12.0757
2011-01-13,12.1028
2011-01-14,12.0871
2011-01-17,12.0299
2011-01-18,12.0261
2011-01-19,12.0744
2011-01-20,12.0903
2011-01-21,12.0482
2011-01-24,12.0516
2011-01-25,12.0856
2011-01-26,12.0408
2011-01-27,12.0239
2011-01-28,12.1214
2011-01-31,12.1519
2011-02-01,12.017
2011-02-02,12.019
2011-02-03,12.0499
2011-02-04,11.9946
2011-02-08,11.9937
2011-02-09,12.0432
2011-02-10,12.0937
2011-02-11,12.0635
2011-02-14,12.0461
2011-02-15,12.114
2011-02-16,12.0957
2011-02-17,12.0483
2011-02-18,12.0172
2011-02-21,12.0558
2011-02-22,12.0917
2011-02-23,12.19
2011-02-24,12.173
2011-02-25,12.1235
2011-02-28,12.1062
2011-03-01,12.0929
2011-03-02,12.0981
2011-03-03,12.0368
2011-03-04,12.0064
2011-03-07,12.017
2011-03-08,12.0254
2011-03-09,11.968
2011-03-10,11.9755
2011-03-11,11.9441
2011-03-14,11.9235
2011-03-15,12.0171
2011-03-16,12.071
2011-03-17,12.0925
2011-03-18,12.0615
2011-03-22,11.9885
2011-03-23,12.0004
2011-03-24,11.9555
2011-03-25,11.9505
2011-03-28,11.959
2011-03-29,11.9678
2011-03-30,11.9219
2011-03-31,11.9084
2011-04-01,11.8412
2011-04-04,11.8533
2011-04-05,11.8322
2011-04-06,11.7836
2011-04-07,11.7931
2011-04-08,11.7421
2011-04-11,11.7447
2011-04-12,11.8266
2011-04-13,11.7907
2011-04-14,11.7679
2011-04-15,11.709
2011-04-18,11.7783
2011-04-19,11.6925
2011-04-20,11.6252
2011-04-25,11.6294
2011-04-26,11.5824
2011-04-27,11.5868
2011-04-28,11.5428
2011-04-29,11.5278
2011-05-02,11.5023
2011-05-03,11.5665
2011-05-04,11.6214
2011-05-05,11.6934
2011-05-06,11.609
2011-05-09,11.641
2011-05-10,11.6009
2011-05-11,11.6075
2011-05-12,11.6656
2011-05-13,11.7219
2011-05-16,11.7094
2011-05-17,11.766
2011-05-18,11.7234
2011-05-19,11.6588
2011-05-20,11.6467
2011-05-23,11.7292
2011-05-24,11.7032
2011-05-25,11.6948
2011-05-26,11.6956
2011-05-27,11.6256
2011-05-30,11.6123
2011-05-31,11.578
2011-06-01,11.6277
2011-06-02,11.6739
2011-06-03,11.6689
2011-06-06,11.6983
2011-06-07,11.7196
2011-06-08,11.8001
2011-06-09,11.7965
2011-06-10,11.8686
2011-06-13,11.868
2011-06-14,11.7982
2011-06-15,11.8751
2011-06-16,11.9591
2011-06-17,11.9006
2011-06-20,11.8916
2011-06-21,11.813
2011-06-22,11.7789
2011-06-23,11.8816
2011-06-24,11.8822
2011-06-27,11.8938
2011-06-28,11.8389
2011-06-29,11.7748
2011-06-30,11.723
2011-07-01,11.6368
2011-07-04,11.5925
2011-07-05,11.6194
2011-07-06,11.6544
2011-07-07,11.5738
2011-07-08,11.6337
2011-07-11,11.7274
2011-07-12,11.7867
2011-07-13,11.717
2011-07-14,11.701
2011-07-15,11.7178
2011-07-18,11.7877
2011-07-19,11.6964
2011-07-20,11.6638
2011-07-21,11.6174
2011-07-22,11.6393
2011-07-25,11.6641
2011-07-26,11.6172
2011-07-27,11.6527
2011-07-28,11.6821
2011-07-29,11.7425
2011-08-01,11.7514
2011-08-02,11.7657
2011-08-03,11.8473
2011-08-04,11.9523
2011-08-05,11.9794
2011-08-08,12.1845
2011-08-09,12.371
2011-08-10,12.3221
2011-08-11,12.3899
2011-08-12,12.2992
2011-08-15,12.2424
2011-08-16,12.2631
2011-08-17,12.1651
2011-08-18,12.3685
2011-08-19,12.2386
2011-08-22,12.2948
2011-08-23,12.3357
2011-08-24,12.3952
2011-08-25,12.4259
2011-08-26,12.4953
2011-08-29,12.4148
2011-08-30,12.4838
2011-08-31,12.348
2011-09-01,12.2616
2011-09-02,12.3735
2011-09-05,12.5353
2011-09-06,12.5102
2011-09-07,12.4661
2011-09-08,12.4956
2011-09-09,12.6324
2011-09-12,12.7687
2011-09-13,12.8994
2011-09-14,12.9646
2011-09-15,12.9127
2011-09-19,13.186
2011-09-20,13.1669
2011-09-21,13.4045
2011-09-22,13.8917
2011-09-23,13.7788
2011-09-26,13.6677
2011-09-27,13.3414
2011-09-28,13.4217
2011-09-29,13.4567
2011-09-30,13.7994
2011-10-03,13.8967
2011-10-04,13.9714
2011-10-05,13.6675
2011-10-06,13.5341
2011-10-07,13.3143
2011-10-10,13.2751
2011-10-11,13.3266
2011-10-12,13.2213
2011-10-13,13.3647
2011-10-14,13.2711
2011-10-17,13.2952
2011-10-18,13.4445
2011-10-19,13.3733
2011-10-20,13.6628
2011-10-21,13.5996
2011-10-24,13.4889
2011-10-25,13.4459
2011-10-26,13.4914
2011-10-27,13.1973
2011-10-28,13.1132
2011-10-31,13.1802
2011-11-01,13.6282
2011-11-03,13.4128
2011-11-04,13.4698
2011-11-07,13.4504
2011-11-08,13.3852
2011-11-09,13.5252
2011-11-10,13.5622
2011-11-11,13.4165
2011-11-14,13.5122
2011-11-15,13.5672
2011-11-16,13.5847
2011-11-17,13.6375
2011-11-18,13.7033
2011-11-22,13.9812
2011-11-23,14.1291
2011-11-24,14.1778
2011-11-25,14.2443
2011-11-28,14.0344
2011-11-29,13.9538
2011-11-30,13.61
2011-12-01,13.5894
2011-12-02,13.5488
2011-12-05,13.4786
2011-12-06,13.497
2011-12-07,13.5118
2011-12-08,13.6569
2011-12-09,13.6406
2011-12-13,13.7714
2011-12-14,13.9412
2011-12-15,13.823
2011-12-16,13.845
2011-12-19,13.8542
2011-12-20,13.772
2011-12-21,13.8526
2011-12-22,13.8169
2011-12-23,13.8163
2011-12-26,13.8483
2011-12-27,13.9658
2011-12-28,13.9904
2011-12-29,13.9787
2011-12-30,13.9476
2012-01-02,13.9342
2012-01-03,13.6882
2012-01-04,13.7144
2012-01-05,13.7409
2012-01-06,13.7228
2012-01-09,13.7437
2012-01-10,13.6204
2012-01-11,13.6592
2012-01-12,13.5982
2012-01-13,13.6263
2012-01-16,13.5401
2012-01-17,13.4621
2012-01-18,13.3267
2012-01-19,13.2516
2012-01-20,13.224
2012-01-23,13.1383
2012-01-24,13.1712
2012-01-25,13.1319
2012-01-26,12.9325
2012-01-27,12.9504
2012-01-30,13.0063
2012-01-31,13.0077
2012-02-01,12.89
2012-02-02,12.8038
2012-02-03,12.712
2012-02-07,12.6472
2012-02-08,12.6833
2012-02-09,12.72
2012-02-10,12.7857
2012-02-13,12.7392
2012-02-14,12.7753
2012-02-15,12.7658
2012-02-16,12.8822
2012-02-17,12.7856
2012-02-20,12.6793
2012-02-21,12.7408
2012-02-22,12.8296
2012-02-23,12.8294
2012-02-24,12.8675
2012-02-27,12.8779
2012-02-28,12.8575
2012-02-29,12.7891
2012-03-01,12.7764
2012-03-02,12.7723
2012-03-05,12.8339
2012-03-06,12.9777
2012-03-07,12.9469
2012-03-08,12.784
2012-03-09,12.6299
2012-03-12,12.715
2012-03-13,12.6336
2012-03-14,12.6719
2012-03-15,12.6591
2012-03-16,12.6645
2012-03-20,12.6935
2012-03-21,12.6833
2012-03-22,12.833
2012-03-23,12.8035
2012-03-26,12.6795
2012-03-27,12.6706
2012-03-28,12.8039
2012-03-29,12.8489
2012-03-30,12.8093
2012-04-02,12.7691
2012-04-03,12.7317
2012-04-04,12.8155
2012-04-09,12.9902
2012-04-10,13.1568
2012-04-11,13.1324
2012-04-12,13.0736
2012-04-13,13.1458
2012-04-16,13.2168
2012-04-17,13.0816
2012-04-18,13.1322
2012-04-19,13.2288
2012-04-20,13.1171
2012-04-23,13.2087
2012-04-24,13.1392
2012-04-25,13.1667
2012-04-26,13.2093
2012-04-27,13.0141
2012-04-30,12.9942
2012-05-02,12.9629
2012-05-03,12.9725
2012-05-04,13.1344
2012-05-07,13.1659
2012-05-08,13.3374
2012-05-09,13.515
2012-05-10,13.447
2012-05-11,13.4929
2012-05-14,13.6739
2012-05-15,13.7302
2012-05-16,13.7747
2012-05-17,13.7994
2012-05-18,13.7809
2012-05-21,13.7935
2012-05-22,13.7203
2012-05-23,14.0335
2012-05-24,14.004
2012-05-25,14.0156
2012-05-28,13.9439
2012-05-29,13.9169
2012-05-30,14.0749
2012-05-31,14.3047
2012-06-01,14.3949
2012-06-04,14.2443
2012-06-05,14.2319
2012-06-06,14.1116
2012-06-07,13.9355
2012-06-08,14.0351
2012-06-11,13.9625
2012-06-12,14.006
2012-06-13,13.97
2012-06-14,13.9974
2012-06-15,13.9115
2012-06-18,13.9154
2012-06-19,13.7033
2012-06-20,13.7257
2012-06-21,13.7668
2012-06-22,13.849
2012-06-25,13.9542
2012-06-26,13.8616
2012-06-27,13.6652
2012-06-28,13.653
2012-06-29,13.4084
2012-07-02,13.397
2012-07-03,13.3174
2012-07-04,13.3617
2012-07-05,13.3508
2012-07-06,13.4925
2012-07-09,13.4533
2012-07-10,13.2924
2012-07-11,13.3241
2012-07-12,13.4795
2012-07-13,13.3449
2012-07-16,13.2832
2012-07-17,13.2226
2012-07-18,13.1201
2012-07-19,13.1921
2012-07-20,13.2928
2012-07-23,13.5218
2012-07-24,13.6796
2012-07-25,13.6541
2012-07-26,13.4425
2012-07-27,13.2837
2012-07-30,13.2644
2012-07-31,13.2833
2012-08-01,13.2867
2012-08-02,13.3927
2012-08-03,13.1357
2012-08-06,13.0708
2012-08-07,13.1849
2012-08-08,13.1891
2012-08-09,13.1188
2012-08-10,13.1094
2012-08-13,13.1474
2012-08-14,13.1311
2012-08-15,13.1639
2012-08-16,13.143
2012-08-17,13.1745
2012-08-20,13.1261
2012-08-21,13.0854
2012-08-22,13.1762
2012-08-23,13.1284
2012-08-24,13.176
2012-08-27,13.1703
2012-08-28,13.1847
2012-08-29,13.2746
2012-08-30,13.4172
2012-08-31,13.2571
2012-09-03,13.191
2012-09-04,13.1793
2012-09-05,13.1221
2012-09-06,13.0483
2012-09-07,12.9976
2012-09-10,12.9921
2012-09-11,12.9992
2012-09-12,13.0305
2012-09-13,12.9749
2012-09-14,12.7458
2012-09-17,12.7492
2012-09-18,12.8192
2012-09-19,12.8235
2012-09-20,12.9042
2012-09-21,12.8376
2012-09-24,12.9123
2012-09-25,12.8233
2012-09-26,12.917
2012-09-27,12.8521
2012-09-28,12.8695
2012-10-01,12.8178
2012-10-02,12.8375
2012-10-03,12.8528
2012-10-04,12.7589
2012-10-05,12.6987
2012-10-08,12.8426
2012-10-09,12.868
2012-10-10,12.9119
2012-10-11,12.8792
2012-10-12,12.8901
2012-10-15,12.8188
2012-10-16,12.8077
2012-10-17,12.7981
2012-10-18,12.8299
2012-10-19,12.8551
2012-10-22,12.8571
2012-10-23,12.9759
2012-10-24,12.9839
2012-10-25,12.9669
2012-10-26,13.0112
2012-10-29,13.09
2012-10-30,13.0498
2012-10-31,13.0911
2012-11-01,13.0387
2012-11-05,13.0449
2012-11-06,12.9769
2012-11-07,13.0432
2012-11-08,13.1168
2012-11-09,13.1789
2012-11-12,13.1975
2012-11-13,13.2284
2012-11-14,13.2353
2012-11-15,13.2522
2012-11-16,13.2063
2012-11-20,13.0245
2012-11-21,13.0395
2012-11-22,13.0188
2012-11-23,12.9799
2012-11-26,12.9984
2012-11-27,12.9861
2012-11-28,13.0372
2012-11-29,12.9617
2012-11-30,12.9268
2012-12-03,12.9335
2012-12-04,12.96
2012-12-05,12.9284
2012-12-06,12.9102
2012-12-07,12.8469
2012-12-10,12.7964
2012-12-11,12.7584
2012-12-13,12.7869
2012-12-14,12.7768
2012-12-17,12.7624
2012-12-18,12.7236
2012-12-19,12.7327
2012-12-20,12.7777
2012-12-21,12.8991
2012-12-24,12.9764
2012-12-26,13.0058
2012-12-27,13.0101
2012-12-28,12.988
2012-12-31,12.9658
2013-01-02,12.7488
2013-01-03,12.743
2013-01-04,12.7597
2013-01-07,12.7679
2013-01-08,12.8015
2013-01-09,12.7503
2013-01-10,12.6555
2013-01-11,12.6478
2013-01-14,12.6533
2013-01-15,12.6526
2013-01-16,12.6305
2013-01-17,12.5868
2013-01-18,12.6555
2013-01-21,12.7098
2013-01-22,12.6817
2013-01-23,12.6616
2013-01-24,12.6286
2013-01-25,12.6993
2013-01-28,12.7802
2013-01-29,12.7134
2013-01-30,12.7408
2013-01-31,12.7094
2013-02-01,12.6377
2013-02-05,12.6294
2013-02-06,12.6664
2013-02-07,12.7105
2013-02-08,12.7307
2013-02-11,12.7706
2013-02-12,12.7364
2013-02-13,12.7116
2013-02-14,12.6982
2013-02-15,12.6866
2013-02-18,12.6959
2013-02-19,12.6873
2013-02-20,12.6694
2013-02-21,12.7699
2013-02-22,12.7517
2013-02-25,12.7028
2013-02-26,12.868
2013-02-27,12.8322
2013-02-28,12.7795
2013-03-01,12.8012
2013-03-04,12.7814
2013-03-05,12.7355
2013-03-06,12.7345
2013-03-07,12.7839
2013-03-08,12.6684
2013-03-11,12.5308
2013-03-12,12.4641
2013-03-13,12.3967
2013-03-14,12.4545
2013-03-15,12.439
2013-03-19,12.4339
2013-03-20,12.3909
2013-03-21,12.3841
2013-03-22,12.3724
2013-03-25,12.3579
2013-03-26,12.3546
2013-03-27,12.3612
2013-04-01,12.3438
2013-04-02,12.2728
2013-04-03,12.3266
2013-04-04,12.3197
2013-04-05,12.2383
2013-04-08,12.1588
2013-04-09,12.1304
2013-04-10,12.114
2013-04-11,12.0691
2013-04-12,12.0824
2013-04-15,12.1729
2013-04-16,12.1668
2013-04-17,12.237
2013-04-18,12.2479
2013-04-19,12.2254
2013-04-22,12.3227
2013-04-23,12.2492
2013-04-24,12.2768
2013-04-25,12.1231
2013-04-26,12.155
2013-04-29,12.1326
2013-04-30,12.1456
2013-05-02,12.1756
2013-05-03,12.0851
2013-05-06,12.1074
2013-05-07,12.0733
2013-05-08,12.0393
2013-05-09,11.9807
2013-05-10,12.1094
2013-05-13,12.1448
2013-05-14,12.1485
2013-05-15,12.2313
2013-05-16,12.2378
2013-05-17,12.3177
2013-05-20,12.3258
2013-05-21,12.3414
2013-05-22,12.3113
2013-05-23,12.4764
2013-05-24,12.5219
2013-05-27,12.4831
2013-05-28,12.5275
2013-05-29,12.6328
2013-05-30,12.7781
2013-05-31,12.8035
2013-06-03,12.7882
2013-06-04,12.7317
2013-06-05,12.8167
2013-06-06,12.9079
2013-06-07,12.7173
2013-06-10,12.8572
2013-06-11,12.8846
2013-06-12,12.8442
2013-06-13,12.7812
2013-06-14,12.6916
2013-06-17,12.737
2013-06-18,12.88
2013-06-19,12.8695
2013-06-20,13.4015
2013-06-21,13.4041
2013-06-24,13.3966
2013-06-25,13.2424
2013-06-26,13.1884
2013-06-27,13.0235
2013-06-28,13.0279
2013-07-01,12.9131
2013-07-02,12.985
2013-07-03,13.0377
2013-07-04,12.8902
2013-07-05,13.0567
2013-07-08,12.9267
2013-07-09,12.8654
2013-07-10,12.9494
2013-07-11,12.8599
2013-07-12,12.8234
2013-07-15,12.7387
2013-07-16,12.6299
2013-07-17,12.5455
2013-07-18,12.4976
2013-07-19,12.5499
2013-07-22,12.5054
2013-07-23,12.5093
2013-07-24,12.633
2013-07-25,12.6468
2013-07-26,12.7091
2013-07-29,12.7321
2013-07-30,12.7635
2013-07-31,12.8464
2013-08-01,12.8068
2013-08-02,12.6904
2013-08-05,12.6759
2013-08-06,12.6445
2013-08-07,12.6989
2013-08-08,12.646
2013-08-09,12.5889
2013-08-12,12.5666
2013-08-13,12.7545
2013-08-14,12.7255
2013-08-15,12.8625
2013-08-16,12.8722
2013-08-19,13.0124
2013-08-20,13.0064
2013-08-21,13.1424
2013-08-22,13.1486
2013-08-23,12.9979
2013-08-26,13.109
2013-08-27,13.3366
2013-08-28,13.2539
2013-08-29,13.3104
2013-08-30,13.3415
2013-09-02,13.307
2013-09-03,13.4394
2013-09-04,13.3065
2013-09-05,13.4079
2013-09-06,13.2413
2013-09-09,13.1471
2013-09-10,13.1119
2013-09-11,13.0938
2013-09-12,13.0854
2013-09-13,13.054
2013-09-17,12.9241
2013-09-18,12.9687
2013-09-19,12.7179
2013-09-20,12.7685
2013-09-23,12.7846
2013-09-24,12.8754
2013-09-25,12.953
2013-09-26,13.0119
2013-09-27,13.145
2013-09-30,13.1747
2013-10-01,13.1294
2013-10-02,13.1593
2013-10-03,13.2663
2013-10-04,13.0976
2013-10-07,13.0959
2013-10-08,13.1417
2013-10-09,13.2126
2013-10-10,13.0913
2013-10-11,13.0514
2013-10-14,13.0492
2013-10-15,12.9725
2013-10-16,12.8816
2013-10-17,12.7717
2013-10-18,12.7988
2013-10-21,12.9314
2013-10-22,12.8713
2013-10-23,12.9433
2013-10-24,12.9916
2013-10-25,12.8693
2013-10-28,12.8948
2013-10-29,12.8903
2013-10-30,12.864
2013-10-31,13.0067
2013-11-01,13.0789
2013-11-04,12.9869
2013-11-05,13.1341
2013-11-06,13.1388
2013-11-07,13.1912
2013-11-08,13.2412
2013-11-11,13.2314
2013-11-12,13.1879
2013-11-13,13.103
2013-11-14,13.0173
2013-11-15,12.9524
2013-11-19,12.8869
2013-11-20,12.9697
2013-11-21,13.0617
2013-11-22,13.0223
2013-11-25,13.0267
2013-11-26,13.0745
2013-11-27,13.0925
2013-11-28,13.0836
2013-11-29,13.1101
2013-12-02,13.2041
2013-12-03,13.2372
2013-12-04,13.0826
2013-12-05,13.0057
2013-12-06,12.9299
2013-12-09,12.8612
2013-12-10,12.8574
2013-12-11,12.9342
2013-12-13,12.9515
2013-12-16,12.9439
2013-12-17,12.9575
2013-12-18,12.9937
2013-12-19,12.973
2013-12-20,12.9574
2013-12-23,12.961
2013-12-24,13.02
2013-12-26,13.0547
2013-12-27,13.0765
2013-12-30,13.0652
2013-12-31,13.0843
2014-01-02,13.1011
2014-01-03,13.0911
2014-01-06,13.0905
2014-01-07,13.0337
2014-01-08,13.0846
2014-01-09,13.1403
2014-01-10,13.0065
2014-01-13,12.9889
2014-01-14,13.0956
2014-01-15,13.1689
2014-01-16,13.2907
2014-01-17,13.2737
2014-01-20,13.242
2014-01-21,13.2984
2014-01-22,13.3194
2014-01-23,13.3722
2014-01-24,13.493
2014-01-27,13.4408
2014-01-28,13.3104
2014-01-29,13.3671
2014-01-30,13.3207
2014-01-31,13.3769
2014-02-04,13.3928
2014-02-05,13.3705
2014-02-06,13.2211
2014-02-07,13.3285
2014-02-10,13.3134
2014-02-11,13.2916
2014-02-12,13.3056
2014-02-13,13.332
2014-02-14,13.2477
2014-02-17,13.1949
2014-02-18,13.2261
2014-02-19,13.2714
2014-02-20,13.2913
2014-02-21,13.2704
2014-02-24,13.209
2014-02-25,13.2248
2014-02-26,13.2992
2014-02-27,13.3066
2014-02-28,13.2379
2014-03-03,13.3201
2014-03-04,13.2752
2014-03-05,13.2519
2014-03-06,13.1476
2014-03-07,13.1795
2014-03-10,13.2248
2014-03-11,13.243
2014-03-12,13.2659
2014-03-13,13.2456
2014-03-14,13.234
2014-03-18,13.1675
2014-03-19,13.1695
2014-03-20,13.2703
2014-03-21,13.22
2014-03-24,13.2019
2014-03-25,13.1349
2014-03-26,13.1273
2014-03-27,13.0837
2014-03-28,13.0841
2014-03-31,13.0549
2014-04-01,13.0313
2014-04-02,13.0991
2014-04-03,13.1324
2014-04-04,13.0345
2014-04-07,13.0179
2014-04-08,12.9642
2014-04-09,13.0604
2014-04-10,13.0453
2014-04-11,13.0788
2014-04-14,13.0493
2014-04-15,13.0986
2014-04-16,13.0603
2014-04-21,13.0413
2014-04-22,13.0448
2014-04-23,13.0908
2014-04-24,13.101
2014-04-25,13.1371
2014-04-28,13.1356
2014-04-29,13.1039
2014-04-30,13.0901
2014-05-02,12.9981
2014-05-05,13.0102
2014-05-06,13.0129
2014-05-07,12.9876
2014-05-08,12.9477
2014-05-09,12.9843
2014-05-12,12.9534
2014-05-13,12.9234
2014-05-14,12.8993
2014-05-15,12.9755
2014-05-16,12.9193
2014-05-19,12.8944
2014-05-20,12.9425
2014-05-21,12.9132
2014-05-22,12.8801
2014-05-23,12.8656
2014-05-26,12.8616
2014-05-27,12.8772
2014-05-28,12.866
2014-05-29,12.8462
2014-05-30,12.8609
2014-06-02,12.9108
2014-06-03,12.9447
2014-06-04,12.9527
2014-06-05,12.8868
2014-06-06,12.8981
2014-06-09,12.9912
2014-06-10,13.0486
2014-06-11,13.0306
2014-06-12,12.9815
2014-06-13,13.0164
2014-06-16,13.0323
2014-06-17,13.1007
2014-06-18,13.0672
2014-06-19,12.9885
2014-06-20,13.0124
2014-06-23,13.0056
2014-06-24,13.0218
2014-06-25,13.0174
2014-06-26,13.0323
2014-06-27,13.0002
2014-06-30,12.9712
2014-07-01,12.9605
2014-07-02,12.9673
2014-07-03,12.9829
2014-07-04,12.9768
2014-07-07,12.9949
2014-07-08,13.0006
2014-07-09,12.978
2014-07-10,13.0015
2014-07-11,12.985
2014-07-14,12.9755
2014-07-15,12.9611
2014-07-16,12.939
2014-07-17,12.9454
2014-07-18,12.9588
2014-07-21,12.9751
2014-07-22,12.9393
2014-07-23,12.9286
2014-07-24,12.9572
2014-07-25,12.9445
2014-07-28,12.9878
2014-07-29,13.0578
2014-07-30,13.1357
2014-07-31,13.2269
2014-08-01,13.1932
2014-08-04,13.1962
2014-08-05,13.2716
2014-08-06,13.258
2014-08-07,13.2551
2014-08-08,13.236
2014-08-11,13.1998
2014-08-12,13.159
2014-08-13,13.1113
2014-08-14,13.0717
2014-08-15,13.0748
2014-08-18,13.0505
2014-08-19,13.0532
2014-08-20,13.0814
2014-08-21,13.0963
2014-08-22,13.1328
2014-08-25,13.1383
2014-08-26,13.1059
2014-08-27,13.0811
2014-08-28,13.1109
2014-08-29,13.0763
2014-09-01,13.0833
2014-09-02,13.1299
2014-09-03,13.0892
2014-09-04,13.0959
2014-09-05,13.0788
2014-09-08,13.0813
2014-09-09,13.2162
2014-09-10,13.2144
2014-09-11,13.2144
2014-09-12,13.2644
2014-09-15,13.2223
2014-09-17,13.1762
2014-09-18,13.2402
2014-09-19,13.2369
2014-09-22,13.2566
2014-09-23,13.2768
2014-09-24,13.3015
2014-09-25,13.3848
2014-09-26,13.4541
2014-09-29,13.4891
2014-09-30,13.433
2014-10-01,13.4455
2014-10-02,13.4026
2014-10-03,13.4835
2014-10-06,13.4089
2014-10-07,13.4332
2014-10-08,13.4786
2014-10-09,13.3789
2014-10-10,13.4331
2014-10-13,13.4203
2014-10-14,13.4094
2014-10-15,13.5423
2014-10-16,13.5616
2014-10-17,13.5231
2014-10-20,13.5357
2014-10-21,13.4989
2014-10-22,13.5559
2014-10-23,13.5288
2014-10-24,13.5263
2014-10-27,13.5701
2014-10-28,13.4843
2014-10-29,13.4239
2014-10-30,13.4316
2014-10-31,13.4773
2014-11-03,13.5503
2014-11-04,13.5925
2014-11-05,13.607
2014-11-06,13.6173
2014-11-07,13.5573
2014-11-10,13.5528
2014-11-11,13.5874
2014-11-12,13.5613
2014-11-13,13.5995
2014-11-14,13.5348
2014-11-18,13.5445
2014-11-19,13.6146
2014-11-20,13.6115
2014-11-21,13.6152
2014-11-24,13.6374
2014-11-25,13.642
2014-11-26,13.7219
2014-11-27,13.7667
2014-11-28,13.8965
2014-12-01,13.9262
2014-12-02,14.076
2014-12-03,14.0918
2014-12-04,14.1165
2014-12-05,14.3045
2014-12-08,14.4042
2014-12-09,14.3674
2014-12-10,14.5181
2014-12-11,14.6648
2014-12-15,14.7853
2014-12-16,14.7499
2014-12-17,14.6028
2014-12-18,14.5562
2014-12-19,14.6378
2014-12-22,14.6359
2014-12-23,14.7008
2014-12-24,14.7429
2014-12-26,14.6955
2014-12-29,14.718
2014-12-30,14.7348
2014-12-31,14.7414
2015-01-02,14.829
2015-01-05,14.9469
2015-01-06,14.8479
2015-01-07,14.7936
2015-01-08,14.6274
2015-01-09,14.5804
2015-01-12,14.6398
2015-01-13,14.5559
2015-01-14,14.5644
2015-01-15,14.5821
2015-01-16,14.6223
2015-01-19,14.6524
2015-01-20,14.6484
2015-01-21,14.6983
2015-01-22,14.612
2015-01-23,14.6499
2015-01-26,14.5887
2015-01-27,14.5872
2015-01-28,14.6878
2015-01-29,14.8414
2015-01-30,14.9885
2015-02-03,14.7566
2015-02-04,14.8011
2015-02-05,14.7548
2015-02-06,14.9024
2015-02-09,14.8014
2015-02-10,14.9309
2015-02-11,15.1099
2015-02-12,14.9167
2015-02-13,14.8605
2015-02-16,14.8979
2015-02-17,14.8971
2015-02-18,14.9473
2015-02-19,14.9583
2015-02-20,15.0757
2015-02-23,15.0832
2015-02-24,14.9712
2015-02-25,14.9228
2015-02-26,14.9624
2015-02-27,14.9553
2015-03-02,14.9862
2015-03-03,14.9544
2015-03-04,15.0756
2015-03-05,15.1686
2015-03-06,15.4445
2015-03-09,15.4544
2015-03-10,15.5837
2015-03-11,15.4455
2015-03-12,15.4003
2015-03-13,15.4892
2015-03-17,15.4271
2015-03-18,15.4192
2015-03-19,15.296
2015-03-20,15.0317
2015-03-23,14.9644
2015-03-24,14.9347
2015-03-25,14.9524
2015-03-26,15.1056
2015-03-27,15.1542
2015-03-30,15.2427
2015-03-31,15.2647
2015-04-01,15.1206
2015-04-06,14.8003
2015-04-07,14.9039
2015-04-08,14.9072
2015-04-09,15.0554
2015-04-10,15.1706
2015-04-13,15.2947
2015-04-14,15.2339
2015-04-15,15.3891
2015-04-16,15.2455
2015-04-17,15.3128
2015-04-20,15.3973
2015-04-21,15.3837
2015-04-22,15.4518
2015-04-23,15.3539
2015-04-24,15.3834
2015-04-27,15.3213
2015-04-28,15.2225
2015-04-29,15.2043
2015-04-30,15.3714
2015-05-04,15.494
2015-05-05,15.3225
2015-05-06,15.2825
2015-05-07,15.3397
2015-05-08,15.1424
2015-05-11,15.2624
2015-05-12,15.3211
2015-05-13,15.2213
2015-05-14,15.1235
2015-05-15,15.0225
2015-05-18,15.12
2015-05-19,15.2008
2015-05-20,15.212
2015-05-21,15.2326
2015-05-22,15.2918
2015-05-25,15.2635
2015-05-26,15.3235
2015-05-27,15.3581
2015-05-28,15.3737
2015-05-29,15.3815
2015-06-01,15.4845
2015-06-02,15.4128
2015-06-03,15.4833
2015-06-04,15.5347
2015-06-05,15.6958
2015-06-08,15.6715
2015-06-09,15.5645
2015-06-10,15.4779
2015-06-11,15.4409
2015-06-12,15.4129
2015-06-15,15.4327
2015-06-16,15.4192
2015-06-17,15.4199
2015-06-18,15.2828
2015-06-19,15.3274
2015-06-22,15.3072
2015-06-23,15.4088
2015-06-24,15.4555
2015-06-25,15.4816
2015-06-26,15.5676
2015-06-29,15.6599
2015-06-30,15.6854
2015-07-01,15.7829
2015-07-02,15.6821
2015-07-03,15.6918
2015-07-06,15.753
2015-07-07,15.8281
2015-07-08,15.8174
2015-07-09,15.7856
2015-07-10,15.7329
2015-07-13,15.7404
2015-07-14,15.6728
2015-07-15,15.747
2015-07-16,15.8014
2015-07-17,15.9121
2015-07-20,15.9856
2015-07-21,15.9728
2015-07-22,16.095
2015-07-23,16.0988
2015-07-24,16.2364
2015-07-27,16.2681
2015-07-28,16.2638
2015-07-29,16.214
2015-07-30,16.4512
2015-07-31,16.0772
2015-08-03,16.1129
2015-08-04,16.1736
2015-08-05,16.3762
2015-08-06,16.3533
2015-08-07,16.1645
2015-08-10,16.1652
2015-08-11,16.3241
2015-08-12,16.2976
2015-08-13,16.3541
2015-08-14,16.3658
2015-08-17,16.3993
2015-08-18,16.4317
2015-08-19,16.4908
2015-08-20,16.7182
2015-08-21,16.9171
2015-08-24,17.0975
2015-08-25,16.9859
2015-08-26,17.1065
2015-08-27,16.8863
2015-08-28,16.7684
2015-08-31,16.7829
2015-09-01,16.8692
2015-09-02,16.9444
2015-09-03,16.7918
2015-09-04,16.8454
2015-09-07,16.988
2015-09-08,16.7979
2015-09-09,16.7773
2015-09-10,16.8103
2015-09-11,16.8261
2015-09-14,16.8168
2015-09-15,16.7716
2015-09-17,16.568
2015-09-18,16.539
2015-09-21,16.6865
2015-09-22,16.8713
2015-09-23,17.0453
2015-09-24,17.1149
2015-09-25,16.9595
2015-09-28,17.0073
2015-09-29,17.0771
2015-09-30,16.9053
2015-10-01,16.8566
2015-10-02,16.8162
2015-10-05,16.6941
2015-10-06,16.6878
2015-10-07,16.5762
2015-10-08,16.5464
2015-10-09,16.418
2015-10-12,16.4219
2015-10-13,16.5848
2015-10-14,16.5804
2015-10-15,16.425
2015-10-16,16.3959
2015-10-19,16.4899
2015-10-20,16.5618
2015-10-21,16.66
2015-10-22,16.5284
2015-10-23,16.5138
2015-10-26,16.4998
2015-10-27,16.5545
2015-10-28,16.4503
2015-10-29,16.6219
2015-10-30,16.5244
2015-11-03,16.4196
2015-11-04,16.5147
2015-11-05,16.5959
2015-11-06,16.8382
2015-11-09,16.87
2015-11-10,16.7658
2015-11-11,16.7173
2015-11-12,16.7406
2015-11-13,16.7395
2015-11-17,16.757
2015-11-18,16.7636
2015-11-19,16.5748
2015-11-20,16.512
2015-11-23,16.5306
2015-11-24,16.4705
2015-11-25,16.5548
2015-11-26,16.5492
2015-11-27,16.5784
2015-11-30,16.5856
2015-12-01,16.5104
2015-12-02,16.5933
2015-12-03,16.7095
2015-12-04,16.6757
2015-12-07,16.9044
2015-12-08,17.0164
2015-12-09,17.016
2015-12-10,17.075
2015-12-11,17.3592
2015-12-14,17.3776
2015-12-15,17.1529
2015-12-16,17.136
2015-12-17,17.1
2015-12-18,17.0139
2015-12-21,17.1034
2015-12-22,17.1847
2015-12-23,17.1953
2015-12-24,17.276
2015-12-28,17.271
2015-12-29,17.2065
2015-12-30,17.3398
2015-12-31,17.2487
2016-01-04,17.3529
2016-01-05,17.3456
2016-01-06,17.4411
2016-01-07,17.6568
2016-01-08,17.9283
2016-01-11,17.9304
2016-01-12,17.9119
2016-01-13,17.85
2016-01-14,17.9121
2016-01-15,18.2108
2016-01-18,18.2327
2016-01-19,18.1947
2016-01-20,18.608
2016-01-21,18.5084
2016-01-22,18.428
2016-01-25,18.5352
2016-01-26,18.4715
2016-01-27,18.453
2016-01-28,18.2906
2016-01-29,18.1935
2016-02-02,18.4902
2016-02-03,18.4537
2016-02-04,18.1891
2016-02-05,18.3748
2016-02-08,18.6959
2016-02-09,18.7818
2016-02-10,18.8089
2016-02-11,19.1754
2016-02-12,19.0392
2016-02-15,18.8471
2016-02-16,18.8148
2016-02-17,18.3895
2016-02-18,18.1439
2016-02-19,18.2762
2016-02-22,18.0568
2016-02-23,18.1948
2016-02-24,18.2893
2016-02-25,18.168
2016-02-26,18.1706
2016-02-29,18.102
2016-03-01,17.9432
2016-03-02,17.8561
2016-03-03,17.8971
2016-03-04,17.7723
2016-03-07,17.7526
2016-03-08,17.9044
2016-03-09,17.7523
2016-03-10,17.8601
2016-03-11,17.7002
2016-03-14,17.7691
2016-03-15,17.926
2016-03-16,17.9308
2016-03-17,17.4034
2016-03-18,17.2995
2016-03-22,17.3361
2016-03-23,17.5273
2016-03-28,17.461
2016-03-29,17.4015
2016-03-30,17.2509
2016-03-31,17.237
2016-04-01,17.3338
2016-04-04,17.4484
2016-04-05,17.7252
2016-04-06,17.7286
2016-04-07,17.893
2016-04-08,17.7391
2016-04-11,17.6452
2016-04-12,17.5719
2016-04-13,17.49
2016-04-14,17.388
2016-04-15,17.5669
2016-04-18,17.4598
2016-04-19,17.2825
2016-04-20,17.3078
2016-04-21,17.4202
2016-04-22,17.4359
2016-04-25,17.5866
2016-04-26,17.4298
2016-04-27,17.3993
2016-04-28,17.2125
2016-04-29,17.1767
2016-05-02,17.2279
2016-05-03,17.5234
2016-05-04,17.7358
2016-05-05,17.7866
2016-05-06,17.9204
2016-05-09,18.1033
2016-05-10,18.0205
2016-05-11,17.9549
2016-05-12,17.9915
2016-05-13,18.1562
2016-05-16,18.1795
2016-05-17,18.3217
2016-05-18,18.3761
2016-05-19,18.5465
2016-05-20,18.3826
2016-05-23,18.4444
2016-05-24,18.4694
2016-05-25,18.452
2016-05-26,18.4572
2016-05-27,18.4527
2016-05-30,18.4777
2016-05-31,18.4118
2016-06-01,18.5299
2016-06-02,18.6097
2016-06-03,18.6283
2016-06-06,18.5889
2016-06-07,18.5067
2016-06-08,18.1491
2016-06-09,18.2742
2016-06-10,18.5046
2016-06-13,18.7915
2016-06-14,18.9814
2016-06-15,18.8672
2016-06-16,18.9968
2016-06-17,18.8527
2016-06-20,18.6559
2016-06-21,18.6444
2016-06-22,18.5325
2016-06-23,18.3207
2016-06-24,18.8716
2016-06-27,19.1283
2016-06-28,18.9113
2016-06-29,18.555
2016-06-30,18.4646
2016-07-01,18.309
2016-07-04,18.3858
2016-07-05,18.7536
2016-07-06,18.8161
2016-07-07,18.8607
2016-07-08,18.5991
2016-07-11,18.4597
2016-07-12,18.3006
2016-07-13,18.3937
2016-07-14,18.3061
2016-07-15,18.492
2016-07-18,18.4879
2016-07-19,18.5719
2016-07-20,18.5729
2016-07-21,18.6022
2016-07-22,18.6089
2016-07-25,18.7569
2016-07-26,18.8114
2016-07-27,18.8602
2016-07-28,18.8979
2016-07-29,18.7837
2016-08-01,18.8504
2016-08-02,18.8966
2016-08-03,18.9117
2016-08-04,18.8612
2016-08-05,18.8691
2016-08-08,18.5716
2016-08-09,18.3842
2016-08-10,18.3479
2016-08-11,18.2678
2016-08-12,18.2455
2016-08-15,18.0363
2016-08-16,17.9869
2016-08-17,18.2598
2016-08-18,18.0832
2016-08-19,18.2674
2016-08-22,18.3023
2016-08-23,18.3202
2016-08-24,18.4971
2016-08-25,18.446
2016-08-26,18.283
2016-08-29,18.5773
2016-08-30,18.7953
2016-08-31,18.8611
2016-09-01,18.8523
2016-09-02,18.6589
2016-09-05,18.5581
2016-09-06,18.3524
2016-09-07,18.3689
2016-09-08,18.5427
2016-09-09,18.8451
2016-09-12,19.0646
2016-09-13,19.152
2016-09-14,19.2275
2016-09-15,19.2514
2016-09-19,19.6097
2016-09-20,19.777
2016-09-21,19.8394
2016-09-22,19.5965
2016-09-23,19.7211
2016-09-26,19.8322
2016-09-27,19.5044
2016-09-28,19.5002
2016-09-29,19.4086
2016-09-30,19.3776
2016-10-03,19.3211
2016-10-04,19.2138
2016-10-05,19.2554
2016-10-06,19.2433
2016-10-07,19.2994
2016-10-10,18.8786
2016-10-11,18.9531
2016-10-12,18.9622
2016-10-13,19.0399
2016-10-14,19.0046
2016-10-17,18.8723
2016-10-18,18.6726
2016-10-19,18.5894
2016-10-20,18.5945
2016-10-21,18.6481
2016-10-24,18.5658
2016-10-25,18.5147
2016-10-26,18.6485
2016-10-27,18.8443
2016-10-28,18.7304
2016-10-31,18.8887
2016-11-01,19.1306
2016-11-03,19.2014
2016-11-04,19.0792
2016-11-07,18.6192
2016-11-08,18.5089
2016-11-09,19.925
2016-11-10,20.4812
2016-11-11,21.0511
2016-11-14,20.8729
2016-11-15,20.349
2016-11-16,20.2884
2016-11-17,20.1898
2016-11-18,20.4193
2016-11-22,20.5205
2016-11-23,20.6901
2016-11-24,20.7051
2016-11-25,20.6475
2016-11-28,20.5521
2016-11-29,20.6225
2016-11-30,20.5155
2016-12-01,20.7488
2016-12-02,20.6149
2016-12-05,20.5927
2016-12-06,20.3863
2016-12-07,20.2967
2016-12-08,20.4162
2016-12-09,20.3305
2016-12-13,20.2567
2016-12-14,20.2226
2016-12-15,20.5973
2016-12-16,20.428
2016-12-19,20.4098
2016-12-20,20.43
2016-12-21,20.4921
2016-12-22,20.7179
2016-12-23,20.6271
2016-12-26,20.6445
2016-12-27,20.7052
2016-12-28,20.7314
2016-12-29,20.664
2016-12-30,20.6194
2017-01-02,20.7323
2017-01-03,20.852
2017-01-04,21.3799
2017-01-05,21.3661
2017-01-06,21.3144
2017-01-09,21.3219
2017-01-10,21.6168
2017-01-11,21.9076
2017-01-12,21.7204
2017-01-13,21.633
2017-01-16,21.6643
2017-01-17,21.5738
2017-01-18,21.8514
2017-01-19,21.9044
2017-01-20,21.7002
2017-01-23,21.4512
2017-01-24,21.3692
2017-01-25,21.3439
2017-01-26,21.2024
2017-01-27,21.0212
2017-01-30,20.7588
2017-01-31,20.7908
2017-02-01,20.7752
2017-02-02,20.5757
2017-02-03,20.3439
2017-02-07,20.637
2017-02-08,20.4994
2017-02-09,20.4163
2017-02-10,20.3535
2017-02-13,20.328
2017-02-14,20.3507
2017-02-15,20.3254
2017-02-16,20.3325
2017-02-17,20.4526
2017-02-20,20.4059
2017-02-21,20.4489
2017-02-22,19.9127
2017-02-23,19.7011
2017-02-24,19.8335
2017-02-27,19.8322
2017-02-28,19.9957
2017-03-01,19.9007
2017-03-02,19.9373
2017-03-03,19.6147
2017-03-06,19.5538
2017-03-07,19.521
2017-03-08,19.6007
2017-03-09,19.7974
2017-03-10,19.6279
2017-03-13,19.5803
2017-03-14,19.6543
2017-03-15,19.4493
2017-03-16,19.173
2017-03-17,19.117
2017-03-21,19.107
2017-03-22,19.0837
2017-03-23,18.9877
2017-03-24,18.8528
2017-03-27,18.8661
2017-03-28,18.8853
2017-03-29,18.8092
2017-03-30,18.7079
2017-03-31,18.7955
2017-04-03,18.732
2017-04-04,18.8334
2017-04-05,18.7192
2017-04-06,18.7696
2017-04-07,18.656
2017-04-10,18.6923
2017-04-11,18.7646
2017-04-12,18.7528
2017-04-17,18.5582
2017-04-18,18.4863
2017-04-19,18.8374
2017-04-20,18.8187
2017-04-21,18.8413
2017-04-24,18.6521
2017-04-25,18.9225
2017-04-26,19.1119
2017-04-27,19.067
2017-04-28,18.9594
2017-05-02,18.7731
2017-05-03,18.8031
2017-05-04,19.0019
2017-05-05,19.0137
2017-05-08,19.1164
2017-05-09,19.1364
2017-05-10,18.9587
2017-05-11,18.9039
2017-05-12,18.7594
2017-05-15,18.67
2017-05-16,18.6183
2017-05-17,18.6761
2017-05-18,18.8898
2017-05-19,18.6859
2017-05-22,18.6633
2017-05-23,18.615
2017-05-24,18.5689
2017-05-25,18.4185
2017-05-26,18.4849
2017-05-29,18.5121
2017-05-30,18.6643
2017-05-31,18.6909
2017-06-01,18.5941
2017-06-02,18.6204
2017-06-05,18.3819
2017-06-06,18.2762
2017-06-07,18.2278
2017-06-08,18.1946
2017-06-09,18.1939
2017-06-12,18.1802
2017-06-13,18.0725
2017-06-14,17.9343
2017-06-15,18.1154
2017-06-16,17.9321
2017-06-19,17.9519
2017-06-20,18.1167
2017-06-21,18.157
2017-06-22,18.127
2017-06-23,17.99
2017-06-26,17.8775
2017-06-27,17.9862
2017-06-28,17.8973
2017-06-29,18.0279
2017-06-30,18.0626
2017-07-03,18.2064
2017-07-04,18.2036
2017-07-05,18.3556
2017-07-06,18.3227
2017-07-07,18.1394
2017-07-10,17.9751
2017-07-11,17.9482
2017-07-12,17.7708
2017-07-13,17.7422
2017-07-14,17.5613
2017-07-17,17.5836
2017-07-18,17.5134
2017-07-19,17.4937
2017-07-20,17.526
2017-07-21,17.5618
2017-07-24,17.6893
2017-07-25,17.7492
2017-07-26,17.7561
2017-07-27,17.6886
2017-07-28,17.7435
2017-07-31,17.8646
2017-08-01,17.8108
2017-08-02,17.8696
2017-08-03,17.8733
2017-08-04,17.8798
2017-08-07,17.9641
2017-08-08,17.916
2017-08-09,17.9671
2017-08-10,17.9073
2017-08-11,17.847
2017-08-14,17.7755
2017-08-15,17.8483
2017-08-16,17.716
2017-08-17,17.7324
2017-08-18,17.8584
2017-08-21,17.6501
2017-08-22,17.6458
2017-08-23,17.7113
2017-08-24,17.6977
2017-08-25,17.6205
2017-08-28,17.8049
2017-08-29,17.876
2017-08-30,17.7753
2017-08-31,17.8145
2017-09-01,17.7861
2017-09-04,17.8683
2017-09-05,17.836
2017-09-06,17.8136
2017-09-07,17.6965
2017-09-08,17.7331
2017-09-11,17.6443
2017-09-12,17.781
2017-09-13,17.7836
2017-09-14,17.7278
2017-09-15,17.6857
2017-09-18,17.761
2017-09-19,17.7643
2017-09-20,17.7009
2017-09-21,17.8545
2017-09-22,17.7487
2017-09-25,17.8831
2017-09-26,17.9933
2017-09-27,18.13
2017-09-28,18.1979
2017-09-29,18.159
2017-10-02,18.2337
2017-10-03,18.2113
2017-10-04,18.2282
2017-10-05,18.306
2017-10-06,18.5522
2017-10-09,18.6646
2017-10-10,18.6327
2017-10-11,18.718
2017-10-12,18.7631
2017-10-13,18.9008
2017-10-16,19.0753
2017-10-17,19.0117
2017-10-18,18.8869
2017-10-19,18.8248
2017-10-20,19.008
2017-10-23,19.0489
2017-10-24,19.2009
2017-10-25,19.077
2017-10-26,19.096
2017-10-27,19.1474
2017-10-30,19.2188
2017-10-31,19.1478
2017-11-01,19.1241
2017-11-03,19.185
2017-11-06,19.0814
2017-11-07,19.1349
2017-11-08,19.0718
2017-11-09,19.09
2017-11-10,19.0526
2017-11-13,19.168
2017-11-14,19.1334
2017-11-15,19.2268
2017-11-16,19.1224
2017-11-17,18.9724
2017-11-21,18.8242
2017-11-22,18.74
2017-11-23,18.6041
2017-11-24,18.5379
2017-11-27,18.52
2017-11-28,18.5848
2017-11-29,18.519
2017-11-30,18.6229
2017-12-01,18.6399
2017-12-04,18.642
2017-12-05,18.6958
2017-12-06,18.8897
2017-12-07,18.9315
2017-12-08,18.9445
2017-12-11,18.974
2017-12-13,19.1391
2017-12-14,19.1202
2017-12-15,19.1289
2017-12-18,19.0289
2017-12-19,19.1913
2017-12-20,19.2291
2017-12-21,19.3962
2017-12-22,19.5848
2017-12-26,19.7223
2017-12-27,19.7867
2017-12-28,19.7354
2017-12-29,19.6629
2018-01-02,19.4899
2018-01-03,19.3717
2018-01-04,19.2427
2018-01-05,19.2737
2018-01-08,19.2323
2018-01-09,19.3065
2018-01-10,19.2405
2018-01-11,19.3433
2018-01-12,19.0446
2018-01-15,18.8113
2018-01-16,18.8362
2018-01-17,18.655
2018-01-18,18.6361
2018-01-19,18.5813
2018-01-22,18.7118
2018-01-23,18.798
2018-01-24,18.5178
2018-01-25,18.478
2018-01-26,18.4672
2018-01-29,18.6196
2018-01-30,18.6982
2018-01-31,18.6069
2018-02-01,18.4004
2018-02-02,18.5248
2018-02-06,18.7009
2018-02-07,18.6492
2018-02-08,18.8815
2018-02-09,18.8623
2018-02-12,18.6703
2018-02-13,18.6269
2018-02-14,18.6025
2018-02-15,18.5159
2018-02-16,18.4797
2018-02-19,18.536
2018-02-20,18.6594
2018-02-21,18.6518
2018-02-22,18.6574
2018-02-23,18.5659
2018-02-26,18.6456
2018-02-27,18.7902
2018-02-28,18.8331
2018-03-01,18.861
2018-03-02,18.8909
2018-03-05,18.8838
2018-03-06,18.7246
2018-03-07,18.7922
2018-03-08,18.7148
2018-03-09,18.5812
2018-03-12,18.6199
2018-03-13,18.5604
2018-03-14,18.5854
2018-03-15,18.7023
2018-03-16,18.7216
2018-03-20,18.7614
2018-03-21,18.6001
2018-03-22,18.5078
2018-03-23,18.5364
2018-03-26,18.3268
2018-03-27,18.3445
2018-03-28,18.2709
2018-04-02,18.2967
2018-04-03,18.2044
2018-04-04,18.2244
2018-04-05,18.1081
2018-04-06,18.2888
2018-04-09,18.2753
2018-04-10,18.2882
2018-04-11,18.2018
2018-04-12,18.1353
2018-04-13,18.087
2018-04-16,18.0394
2018-04-17,17.9787
2018-04-18,18.0333
2018-04-19,18.2819
2018-04-20,18.621
2018-04-23,18.8628
2018-04-24,18.8139
2018-04-25,19.053
2018-04-26,18.8644
2018-04-27,18.6847
2018-04-30,18.7878
2018-05-02,19.0943
2018-05-03,19.1223
2018-05-04,19.2017
2018-05-07,19.4232
2018-05-08,19.5781
2018-05-09,19.5387
2018-05-10,19.2989
2018-05-11,19.3539
2018-05-14,19.5214
2018-05-15,19.7854
2018-05-16,19.7094
2018-05-17,19.7033
2018-05-18,19.9319
2018-05-21,19.9054
2018-05-22,19.7528
2018-05-23,19.7661
2018-05-24,19.7048
2018-05-25,19.5608
2018-05-28,19.5915
2018-05-29,19.7499
2018-05-30,19.7322
2018-05-31,19.9759
2018-06-01,19.8662
2018-06-04,19.9934
2018-06-05,20.3863
2018-06-06,20.3129
2018-06-07,20.46
2018-06-08,20.5281
2018-06-11,20.4722
2018-06-12,20.596
2018-06-13,20.6259
2018-06-14,20.6953
2018-06-15,20.716
2018-06-18,20.6968
2018-06-19,20.5531
2018-06-20,20.3937
2018-06-21,20.3689
2018-06-22,20.1264
2018-06-25,20.0908
2018-06-26,19.8754
2018-06-27,20.0553
2018-06-28,19.8633
2018-06-29,19.6912
2018-07-02,20.1453
2018-07-03,19.5974
2018-07-04,19.4284
2018-07-05,19.2513
2018-07-06,19.0719
2018-07-09,19.1563
2018-07-10,19.0559
2018-07-11,18.9632
2018-07-12,18.8241
2018-07-13,18.8854
2018-07-16,18.836
2018-07-17,18.8763
2018-07-18,18.91
2018-07-19,19.079
2018-07-20,19.0694
2018-07-23,19.0761
2018-07-24,18.8506
2018-07-25,18.7709
2018-07-26,18.6234
2018-07-27,18.5515
2018-07-30,18.5413
2018-07-31,18.6457
2018-08-01,18.5899
2018-08-02,18.6349
2018-08-03,18.5725
2018-08-06,18.5433
2018-08-07,18.4631
2018-08-08,18.4542
2018-08-09,18.6511
2018-08-10,18.9273
2018-08-13,19.1801
2018-08-14,18.9973
2018-08-15,19.2339
2018-08-16,19.01
2018-08-17,19.0615
2018-08-20,19.0305
2018-08-21,18.8784
2018-08-22,18.8176
2018-08-23,18.8672
2018-08-24,18.8339
2018-08-27,18.6697
2018-08-28,18.9354
2018-08-29,19.0659
2018-08-30,19.1258
2018-08-31,19.1792
2018-09-03,19.2137
2018-09-04,19.3609
2018-09-05,19.4433
2018-09-06,19.3546
2018-09-07,19.2394
2018-09-10,19.2989
2018-09-11,19.268
2018-09-12,19.0511
2018-09-13,18.8775
2018-09-14,18.8689
2018-09-17,18.8399
2018-09-18,18.7694
2018-09-19,18.7672
2018-09-20,18.8296
2018-09-21,18.8539
2018-09-24,18.8516
2018-09-25,18.987
2018-09-26,18.8986
2018-09-27,18.812
2018-09-28,18.7231
2018-10-01,18.6531
2018-10-02,18.7503
2018-10-03,18.8014
2018-10-04,19.1328
2018-10-05,18.9444
2018-10-08,18.9234
2018-10-09,19.0
2018-10-10,19.1183
2018-10-11,19.0217
2018-10-12,18.9202
2018-10-15,18.8096
2018-10-16,18.7693
2018-10-17,18.8012
2018-10-18,19.1018
2018-10-19,19.2183
2018-10-22,19.3669
2018-10-23,19.4169
2018-10-24,19.4623
2018-10-25,19.4383
2018-10-26,19.479
2018-10-29,19.8022
2018-10-30,20.0258
2018-10-31,20.3177
2018-11-01,20.1329
2018-11-05,19.9636
2018-11-06,19.8609
2018-11-07,19.8245
2018-11-08,20.0438
2018-11-09,20.3614
2018-11-12,20.3179
2018-11-13,20.5158
2018-11-14,20.3979
2018-11-15,20.3371
2018-11-16,20.155
2018-11-20,20.4123
2018-11-21,20.2023
2018-11-22,20.2984
2018-11-23,20.3935
2018-11-26,20.5304
2018-11-27,20.4977
2018-11-28,20.4108
2018-11-29,20.2217
2018-11-30,20.3455
2018-12-03,20.2346
2018-12-04,20.5123
2018-12-05,20.5672
2018-12-06,20.4705
2018-12-07,20.2609
2018-12-10,20.3621
2018-12-11,20.2889
2018-12-13,20.2566
2018-12-14,20.3337
2018-12-17,20.1126
2018-12-18,20.1277
2018-12-19,20.0293
2018-12-20,19.9082
2018-12-21,19.9275
2018-12-24,19.8473
2018-12-26,19.8823
2018-12-27,19.6829
2018-12-28,19.6566
2018-12-31,19.6512
2019-01-02,19.5878
2019-01-03,19.6073
2019-01-04,19.4902
2019-01-07,19.3208
2019-01-08,19.3479
2019-01-09,19.2456
2019-01-10,19.1714
2019-01-11,19.1236
2019-01-14,19.0064
2019-01-15,19.0457
2019-01-16,18.9908
2019-01-17,19.063
2019-01-18,19.0844
2019-01-21,19.1902
2019-01-22,19.1297
2019-01-23,19.0771
2019-01-24,18.9859
2019-01-25,18.928
2019-01-28,19.0381
2019-01-29,18.9972
2019-01-30,19.1623
2019-01-31,19.0388
2019-02-01,19.1098
2019-02-05,19.0824
2019-02-06,19.1058
2019-02-07,19.08
2019-02-08,19.0893
2019-02-11,19.2524
2019-02-12,19.2592
2019-02-13,19.4084
2019-02-14,19.3569
2019-02-15,19.3625
2019-02-18,19.2578
2019-02-19,19.1778
2019-02-20,19.1835
2019-02-21,19.2652
2019-02-22,19.1394
2019-02-25,19.1185
2019-02-26,19.163
2019-02-27,19.2201
2019-02-28,19.2607
2019-03-01,19.2978
2019-03-04,19.3039
2019-03-05,19.2597
2019-03-06,19.3708
2019-03-07,19.5225
2019-03-08,19.4902
2019-03-11,19.4243
2019-03-12,19.3049
2019-03-13,19.332
2019-03-14,19.3233
2019-03-15,19.2176
2019-03-19,19.0004
2019-03-20,18.9098
2019-03-21,18.8694
2019-03-22,19.1369
2019-03-25,19.0151
2019-03-26,19.0989
2019-03-27,19.3201
2019-03-28,19.3793
2019-03-29,19.3779
2019-04-01,19.2169
2019-04-02,19.2279
2019-04-03,19.1805
2019-04-04,19.1728
2019-04-05,19.0805
2019-04-08,18.9701
2019-04-09,18.9229
2019-04-10,18.836
2019-04-11,18.8432
2019-04-12,18.7719
2019-04-15,18.8489
2019-04-16,18.9516
2019-04-17,18.848
2019-04-22,18.8359
2019-04-23,18.9578
2019-04-24,19.0046
2019-04-25,19.0942
2019-04-26,18.9414
2019-04-29,19.012
2019-04-30,19.0099
2019-05-02,19.1014
2019-05-03,19.0012
2019-05-06,18.9781
2019-05-07,19.0499
2019-05-08,19.0837
2019-05-09,19.2623
2019-05-10,19.1374
2019-05-13,19.1928
2019-05-14,19.1427
2019-05-15,19.1236
2019-05-16,19.071
2019-05-17,19.1454
2019-05-20,19.0908
2019-05-21,19.0309
2019-05-22,18.9755
2019-05-23,19.0122
2019-05-24,19.0658
2019-05-27,19.0521
2019-05-28,19.1652
2019-05-29,19.2395
2019-05-30,19.0683
2019-05-31,19.6426
2019-06-03,19.7609
2019-06-04,19.6007
2019-06-05,19.5418
2019-06-06,19.7084
2019-06-07,19.6528
2019-06-10,19.204
2019-06-11,19.1222
2019-06-12,19.1383
2019-06-13,19.1645
2019-06-14,19.1487
2019-06-17,19.1924
2019-06-18,19.1011
2019-06-19,19.1753
2019-06-20,18.9804
2019-06-21,19.0661
2019-06-24,19.1833
2019-06-25,19.2271
2019-06-26,19.1442
2019-06-27,19.1685
2019-06-28,19.2087
2019-07-01,19.076
2019-07-02,19.0694
2019-07-03,19.0502
2019-07-04,18.9947
2019-07-05,19.0446
2019-07-08,18.9116
2019-07-09,19.0043
2019-07-10,19.2425
2019-07-11,19.1227
2019-07-12,19.0307
2019-07-15,18.9803
2019-07-16,19.0781
2019-07-17,19.0233
2019-07-18,19.0108
2019-07-19,19.0123
2019-07-22,19.0659
2019-07-23,19.1315
2019-07-24,19.0894
2019-07-25,19.0623
2019-07-26,19.0699
2019-07-29,19.09
2019-07-30,19.0747
2019-07-31,18.9929
2019-08-01,19.1627
2019-08-02,19.3116
2019-08-05,19.5731
2019-08-06,19.6291
2019-08-07,19.6953
2019-08-08,19.5118
2019-08-09,19.4283
2019-08-12,19.5803
2019-08-13,19.463
2019-08-14,19.5763
2019-08-15,19.6365
2019-08-16,19.5669
2019-08-19,19.8153
2019-08-20,19.7522
2019-08-21,19.6798
2019-08-22,19.7467
2019-08-23,19.8402
2019-08-26,19.9086
2019-08-27,19.9934
2019-08-28,20.0314
2019-08-29,20.0988
2019-08-30,20.0696
2019-09-02,20.1253
2019-09-03,20.0039
2019-09-04,19.7806
2019-09-05,19.6834
2019-09-06,19.5623
2019-09-09,19.5398
2019-09-10,19.5354
2019-09-11,19.5478
2019-09-12,19.4265
2019-09-13,19.3665
2019-09-17,19.4262
2019-09-18,19.3528
2019-09-19,19.3981
2019-09-20,19.4478
2019-09-23,19.4459
2019-09-24,19.4587
2019-09-25,19.5775
2019-09-26,19.6363
2019-09-27,19.6808
2019-09-30,19.7345
2019-10-01,19.7792
2019-10-02,19.7985
2019-10-03,19.7368
2019-10-04,19.5255
2019-10-07,19.5522
2019-10-08,19.584
2019-10-09,19.5689
2019-10-10,19.4764
2019-10-11,19.3217
2019-10-14,19.2652
2019-10-15,19.252
2019-10-16,19.2135
2019-10-17,19.1602
2019-10-18,19.1492
2019-10-21,19.1422
2019-10-22,19.105
2019-10-23,19.1258
2019-10-24,19.0878
2019-10-25,19.082
2019-10-28,19.0543
2019-10-29,19.1167
2019-10-30,19.1643
2019-10-31,19.1948
2019-11-01,19.1058
2019-11-04,19.1525
2019-11-05,19.2125
2019-11-06,19.1953
2019-11-07,19.1327
2019-11-08,19.1068
2019-11-11,19.109
2019-11-12,19.2178
2019-11-13,19.4543
2019-11-14,19.4228
2019-11-15,19.2063
2019-11-19,19.3687
2019-11-20,19.48
2019-11-21,19.4138
2019-11-22,19.3987
2019-11-25,19.4468
2019-11-26,19.5185
2019-11-27,19.5607
2019-11-28,19.6113
2019-11-29,19.5352
2019-12-02,19.5717
2019-12-03,19.5678
2019-12-04,19.4707
2019-12-05,19.3688
2019-12-06,19.3247
2019-12-09,19.2302
2019-12-10,19.2362
2019-12-11,19.1785
2019-12-13,19.0455
2019-12-16,18.9702
2019-12-17,18.9165
2019-12-18,18.9542
2019-12-19,18.964
2019-12-20,18.9133
2019-12-23,18.9385
2019-12-24,18.9643
2019-12-26,18.9445
2019-12-27,18.8452
2019-12-30,18.8727
2019-12-31,18.8642
2020-01-02,18.8817
2020-01-03,18.8673
2020-01-06,18.827
2020-01-07,18.8852
2020-01-08,18.798
2020-01-09,18.8453
2020-01-10,18.7732
2020-01-13,18.8215
2020-01-14,18.812
2020-01-15,18.8077
2020-01-16,18.793
2020-01-17,18.7388
2020-01-20,18.6725
2020-01-21,18.7007
2020-01-22,18.6883
2020-01-23,18.8018
2020-01-24,18.8313
2020-01-27,18.9407
2020-01-28,18.8022
2020-01-29,18.7067
2020-01-30,18.7853
2020-01-31,18.9082
2020-02-04,18.6797
2020-02-05,18.6245
2020-02-06,18.6645
2020-02-07,18.7763
2020-02-10,18.7653
2020-02-11,18.674
2020-02-12,18.6308
2020-02-13,18.6458
2020-02-14,18.5712
2020-02-17,18.5715
2020-02-18,18.5952
2020-02-19,18.591
2020-02-20,18.7992
2020-02-21,18.9138
2020-02-24,19.1197
2020-02-25,19.0878
2020-02-26,19.1585
2020-02-27,19.3973
2020-02-28,19.776
2020-03-02,19.6985
2020-03-03,19.2837
2020-03-04,19.5335
2020-03-05,19.8095
2020-03-06,20.1623
2020-03-09,21.1117
2020-03-10,21.0267
2020-03-11,21.213
2020-03-12,22.1518
2020-03-13,21.9288
2020-03-17,23.0573
2020-03-18,23.9008
2020-03-19,24.0868
2020-03-20,24.1113
2020-03-23,25.0782
2020-03-24,25.1185
2020-03-25,24.2948
2020-03-26,23.097
2020-03-27,23.5122
2020-03-30,24.2853
2020-03-31,23.4847
2020-04-01,24.4918
2020-04-02,24.1087
2020-04-03,24.6938
2020-04-06,24.6895
2020-04-07,24.0388
2020-04-08,24.0925
2020-04-13,23.7427
2020-04-14,23.5645
2020-04-15,24.1155
2020-04-16,24.2098
2020-04-17,23.9012
2020-04-20,24.0077
2020-04-21,24.4248
2020-04-22,24.5883
2020-04-23,24.623
2020-04-24,24.8583
2020-04-27,24.8492
2020-04-28,24.3882
2020-04-29,24.0002
2020-04-30,23.9283
2020-05-04,24.3812
2020-05-05,23.8343
2020-05-06,24.2942
2020-05-07,24.0563
2020-05-08,23.6805
2020-05-11,23.8693
2020-05-12,24.0487
2020-05-13,24.2113
2020-05-14,24.2708
2020-05-15,23.958
2020-05-18,23.6032
2020-05-19,23.6023
2020-05-20,23.2962
2020-05-21,22.96
2020-05-22,22.7928
2020-05-25,22.563
2020-05-26,22.2932
2020-05-27,22.3633
2020-05-28,22.204
2020-05-29,22.1778
2020-06-01,22.0168
2020-06-02,21.6827
2020-06-03,21.6043
2020-06-04,21.8388
2020-06-05,21.5837
2020-06-08,21.6552
2020-06-09,21.7252
2020-06-10,21.923
2020-06-11,22.4252
2020-06-12,22.3347
2020-06-15,22.5435
2020-06-16,22.2168
2020-06-17,22.2783
2020-06-18,22.6088
2020-06-19,22.63
2020-06-22,22.4413
2020-06-23,22.413
2020-06-24,22.6662
2020-06-25,22.7963
2020-06-26,22.9715
2020-06-29,23.1325
2020-06-30,23.0893
2020-07-01,22.8078
2020-07-02,22.5225
2020-07-03,22.4147
2020-07-06,22.2808
2020-07-07,22.6213
2020-07-08,22.8225
2020-07-09,22.6945
2020-07-10,22.5342
2020-07-13,22.4633
2020-07-14,22.6173
2020-07-15,22.3647
2020-07-16,22.3032
2020-07-17,22.4897
2020-07-20,22.6278
2020-07-21,22.3597
2020-07-22,22.251
2020-07-23,22.3627
2020-07-24,22.3842
2020-07-27,22.0275
2020-07-28,21.9615
2020-07-29,21.9907
2020-07-30,22.1727
2020-07-31,22.2012
2020-08-03,22.614
2020-08-04,22.7845
2020-08-05,22.4068
2020-08-06,22.3652
2020-08-07,22.4892
2020-08-10,22.485
2020-08-11,22.349
2020-08-12,22.3457
2020-08-13,22.2628
2020-08-14,22.0313
2020-08-17,22.057
2020-08-18,22.1535
2020-08-19,22.0527
2020-08-20,22.176
2020-08-21,22.0362
2020-08-24,21.984
2020-08-25,21.9723
2020-08-26,21.9202
2020-08-27,22.1168
2020-08-28,21.8602
2020-08-31,21.888
2020-09-01,21.7445
2020-09-02,21.8393
2020-09-03,21.6383
2020-09-04,21.6115
2020-09-07,21.5887
2020-09-08,21.7138
2020-09-09,21.5377
2020-09-10,21.2773
2020-09-11,21.321
2020-09-14,21.0728
2020-09-15,21.0692
2020-09-17,20.985
2020-09-18,20.9697
2020-09-21,21.505
2020-09-22,21.5682
2020-09-23,22.0897
2020-09-24,22.3678
2020-09-25,22.4402
2020-09-28,22.4573
2020-09-29,22.3598
2020-09-30,22.1438
2020-10-01,21.9562
2020-10-02,21.7025
2020-10-05,21.396
2020-10-06,21.4507
2020-10-07,21.493
2020-10-08,21.4318
2020-10-09,21.1822
2020-10-12,21.2183
2020-10-13,21.3677
2020-10-14,21.2998
2020-10-15,21.3832
2020-10-16,21.1765
2020-10-19,21.1342
2020-10-20,21.0902
2020-10-21,21.064
2020-10-22,21.03
2020-10-23,20.9205
2020-10-26,20.9818
2020-10-27,20.8798
2020-10-28,21.1648
2020-10-29,21.377
2020-10-30,21.2508
2020-11-03,21.1555
2020-11-04,21.0345
2020-11-05,20.7612
2020-11-06,20.62
2020-11-09,20.36
2020-11-10,20.4018
2020-11-11,20.5772
2020-11-12,20.5303
2020-11-13,20.4833
2020-11-17,20.3212
2020-11-18,20.2388
2020-11-19,20.1858
2020-11-20,20.1172
2020-11-23,20.1012
2020-11-24,20.0577
2020-11-25,20.0465
2020-11-26,20.0467
2020-11-27,20.0777
2020-11-30,20.1398
2020-12-01,20.0508
2020-12-02,20.0497
2020-12-03,19.9083
2020-12-04,19.7838
2020-12-07,19.8213
2020-12-08,19.7537
2020-12-09,19.8368
2020-12-10,19.9572
2020-12-11,20.1075
2020-12-14,20.1778
2020-12-15,20.1113
2020-12-16,19.9513
2020-12-17,19.8173
2020-12-18,19.9487
2020-12-21,20.0905
2020-12-22,20.0562
2020-12-23,20.1175
2020-12-24,19.8517
2020-12-28,20.0477
2020-12-29,19.9487
2020-12-30,19.9352
2020-12-31,19.9087
2021-01-04,19.8457
2021-01-05,19.9437
2021-01-06,19.725
2021-01-07,19.91
2021-01-08,19.9705
2021-01-11,20.113
2021-01-12,19.9373
2021-01-13,19.7935
2021-01-14,19.7793
2021-01-15,19.7875
2021-01-18,19.757
2021-01-19,19.6788
2021-01-20,19.5793
2021-01-21,19.7393
2021-01-22,19.9833
2021-01-25,20.1598
2021-01-26,20.0152
2021-01-27,20.2168
2021-01-28,20.2697
2021-01-29,20.2248
2021-02-02,20.1722
2021-02-03,20.1953
2021-02-04,20.4435
2021-02-05,20.1388
2021-02-08,20.1227
2021-02-09,20.0913
2021-02-10,20.0588
2021-02-11,19.9535
2021-02-12,19.9622
2021-02-15,19.9518
2021-02-16,20.2023
2021-02-17,20.2257
2021-02-18,20.4165
2021-02-19,20.4222
2021-02-22,20.6783
2021-02-23,20.5833
2021-02-24,20.4752
2021-02-25,20.8523
2021-02-26,20.939
2021-03-01,20.6123
2021-03-02,20.6903
2021-03-03,20.8957
2021-03-04,20.8498
2021-03-05,21.2635
2021-03-08,21.4177
2021-03-09,21.2575
2021-03-10,20.9853
2021-03-11,20.7133
2021-03-12,20.7637
2021-03-16,20.5753
2021-03-17,20.6828
2021-03-18,20.4415
2021-03-19,20.4823
2021-03-22,20.5788
2021-03-23,20.6408
2021-03-24,20.7882
2021-03-25,20.7662
2021-03-26,20.5677
2021-03-29,20.6047
2021-03-30,20.6025
2021-03-31,20.44
2021-04-05,20.2483
2021-04-06,20.1612
2021-04-07,20.1765
2021-04-08,20.089
2021-04-09,20.163
2021-04-12,20.095
2021-04-13,20.0735
2021-04-14,20.0583
2021-04-15,19.927
2021-04-16,19.9158
2021-04-19,19.8145
2021-04-20,19.8877
2021-04-21,19.874
2021-04-22,19.8865
2021-04-23,19.8695
2021-04-26,19.8362
2021-04-27,19.9785
2021-04-28,19.9712
2021-04-29,20.0978
2021-04-30,20.1822
2021-05-03,20.1902
2021-05-04,20.2235
2021-05-05,20.2077
2021-05-06,20.1838
2021-05-07,19.9223
2021-05-10,19.886
2021-05-11,19.8848
2021-05-12,20.094
2021-05-13,20.0495
2021-05-14,19.8487
2021-05-17,19.8028
2021-05-18,19.8313
2021-05-19,19.8143
2021-05-20,19.881
2021-05-21,19.951
2021-05-24,19.872
2021-05-25,19.8903
2021-05-26,19.8783
2021-05-27,19.9487
2021-05-28,19.9442
2021-05-31,19.9213
2021-06-01,19.8927
2021-06-02,19.9277
2021-06-03,20.0605
2021-06-04,19.9328
2021-06-07,19.797
2021-06-08,19.7728
2021-06-09,19.6897
2021-06-10,19.7002
2021-06-11,19.8823
2021-06-14,19.9065
2021-06-15,20.1235
2021-06-16,20.0588
2021-06-17,20.4292
2021-06-18,20.7002
2021-06-21,20.6
2021-06-22,20.5712
2021-06-23,20.2505
2021-06-24,20.0483
2021-06-25,19.793
2021-06-28,19.8027
2021-06-29,19.8157
2021-06-30,19.9062
2021-07-01,20.0368
2021-07-02,19.8817
2021-07-05,19.8532
2021-07-06,19.9658
2021-07-07,19.9915
2021-07-08,20.007
2021-07-09,19.88
2021-07-12,19.8577
2021-07-13,19.9988
2021-07-14,19.8992
2021-07-15,19.9412
2021-07-16,19.8537
2021-07-19,20.0
2021-07-20,20.1348
2021-07-21,20.1907
2021-07-22,20.1812
2021-07-23,20.0238
2021-07-26,20.0245
2021-07-27,19.977
2021-07-28,19.9535
2021-07-29,19.8448
2021-07-30,19.8455
2021-08-02,19.852
2021-08-03,19.892
2021-08-04,19.9547
2021-08-05,19.9293
2021-08-06,20.0037
2021-08-09,20.0648
2021-08-10,20.1038
2021-08-11,19.953
2021-08-12,19.8907
2021-08-13,19.8603
2021-08-16,19.8863
2021-08-17,19.9912
2021-08-18,20.0107
2021-08-19,20.1175
2021-08-20,20.402
2021-08-23,20.3907
2021-08-24,20.2967
2021-08-25,20.2933
2021-08-26,20.3522
2021-08-27,20.2293
2021-08-30,20.1403
2021-08-31,20.0605
2021-09-01,19.9615
2021-09-02,19.9703
2021-09-03,19.8992
2021-09-06,19.8878
2021-09-07,19.944
2021-09-08,19.9383
2021-09-09,19.9318
2021-09-10,19.8717
2021-09-13,19.8677
2021-09-14,19.9035
2021-09-15,19.9003
2021-09-17,19.9853
2021-09-20,20.1735
2021-09-21,20.1438
2021-09-22,20.0328
2021-09-23,20.028
2021-09-24,20.1118
2021-09-27,20.1052
2021-09-28,20.306
2021-09-29,20.4977
2021-09-30,20.5623
2021-10-01,20.5103
2021-10-04,20.5747
2021-10-05,20.5818
2021-10-06,20.6947
2021-10-07,20.604
2021-10-08,20.7293
2021-10-11,20.8017
2021-10-12,20.7767
2021-10-13,20.6827
2021-10-14,20.6075
2021-10-15,20.4672
2021-10-18,20.3587
2021-10-19,20.2647
2021-10-20,20.185
2021-10-21,20.2643
2021-10-22,20.1837
2021-10-25,20.1897
2021-10-26,20.1888
2021-10-27,20.193
2021-10-28,20.3255
2021-10-29,20.5297
2021-11-01,20.8598
2021-11-03,20.8352
2021-11-04,20.6242
2021-11-05,20.3925
2021-11-08,20.3265
2021-11-09,20.2833
2021-11-10,20.4702
2021-11-11,20.4652
2021-11-12,20.5072
2021-11-16,20.8092
2021-11-17,20.6912
2021-11-18,20.7628
2021-11-19,20.8283
2021-11-22,20.9632
2021-11-23,21.2107
2021-11-24,21.4357
2021-11-25,21.5462
2021-11-26,21.8185
2021-11-29,21.7333
2021-11-30,21.4453
2021-12-01,21.271
2021-12-02,21.3033
2021-12-03,21.4177
2021-12-06,21.2047
2021-12-07,21.0907
2021-12-08,20.933
2021-12-09,21.0328
2021-12-10,20.8922
2021-12-13,20.9383
2021-12-14,21.165
2021-12-15,21.2393
2021-12-16,20.9238
2021-12-17,20.7337
2021-12-20,20.7363
2021-12-21,20.7823
2021-12-22,20.7527
2021-12-23,20.6582
2021-12-24,20.6112
2021-12-27,20.6828
2021-12-28,20.577
2021-12-29,20.5835
2021-12-30,20.5157
2021-12-31,20.4672
2022-01-03,20.589
2022-01-04,20.4742
2022-01-05,20.3977
2022-01-06,20.4588
2022-01-07,20.4237
2022-01-10,20.4453
2022-01-11,20.3785
2022-01-12,20.366
2022-01-13,20.3607
2022-01-14,20.3118
2022-01-17,20.3002
2022-01-18,20.403
2022-01-19,20.46
2022-01-20,20.4507
2022-01-21,20.4598
2022-01-24,20.6308
2022-01-25,20.6683
2022-01-26,20.6415
2022-01-27,20.7383
2022-01-28,20.8597
2022-01-31,20.6352
2022-02-01,20.58
2022-02-02,20.6003
2022-02-03,20.5562
2022-02-04,20.7325
2022-02-08,20.6413
2022-02-09,20.5008
2022-02-10,20.4148
2022-02-11,20.4188
2022-02-14,20.411
2022-02-15,20.3992
2022-02-16,20.3335
2022-02-17,20.2978
2022-02-18,20.3063
2022-02-21,20.2825
2022-02-22,20.2977
2022-02-23,20.2435
2022-02-24,20.6525
2022-02-25,20.4465
2022-02-28,20.4257
2022-03-01,20.5272
2022-03-02,20.7193
2022-03-03,20.7033
2022-03-04,20.9262
2022-03-07,21.1947
2022-03-08,21.3775
2022-03-09,20.9677
2022-03-10,20.9743
2022-03-11,20.9695
2022-03-14,20.8908
2022-03-15,20.8743
2022-03-16,20.7035
2022-03-17,20.5585
2022-03-18,20.4145
2022-03-22,20.2782
2022-03-23,20.18
2022-03-24,20.1313
2022-03-25,19.9577
2022-03-28,20.1195
2022-03-29,19.9942
2022-03-30,19.8632
2022-03-31,19.9112
2022-04-01,19.8432
2022-04-04,19.7443
2022-04-05,19.9012
2022-04-06,20.0665
2022-04-07,20.1605
2022-04-08,20.12
2022-04-11,20.0093
2022-04-12,19.8407
2022-04-13,19.7967
2022-04-18,19.9377
2022-04-19,20.0447
2022-04-20,20.0383
2022-04-21,20.1802
2022-04-22,20.3183
2022-04-25,20.2992
2022-04-26,20.356
2022-04-27,20.4707
2022-04-28,20.567
2022-04-29,20.3728
2022-05-02,20.4075
2022-05-03,20.335
2022-05-04,20.2535
2022-05-05,20.2218
2022-05-06,20.1085
2022-05-09,20.3172
2022-05-10,20.372
2022-05-11,20.2592
2022-05-12,20.32
2022-05-13,20.1443
2022-05-16,20.0782
2022-05-17,19.9637
2022-05-18,19.9663
2022-05-19,19.9267
2022-05-20,19.8657
2022-05-23,19.8282
2022-05-24,19.887
2022-05-25,19.8377
2022-05-26,19.7933
2022-05-27,19.5965
2022-05-30,19.4953
2022-05-31,19.694
2022-06-01,19.7388
2022-06-02,19.5585
2022-06-03,19.5742
2022-06-06,19.5547
2022-06-07,19.5998
2022-06-08,19.59
2022-06-09,19.6128
2022-06-10,19.9297
2022-06-13,20.4527
2022-06-14,20.6583
2022-06-15,20.6675
2022-06-16,20.5728
2022-06-17,20.476
2022-06-20,20.2442
2022-06-21,20.1963
2022-06-22,20.0465
2022-06-23,20.0365
2022-06-24,19.8707
2022-06-27,19.8797
2022-06-28,19.9847
2022-06-29,20.1443
2022-06-30,20.1335
2022-07-01,20.3817
2022-07-04,20.2877
2022-07-05,20.5598
2022-07-06,20.7228
2022-07-07,20.6022
2022-07-08,20.4423
2022-07-11,20.7473
2022-07-12,20.7882
2022-07-13,20.7613
2022-07-14,20.9415
2022-07-15,20.611
2022-07-18,20.3957
2022-07-19,20.4407
2022-07-20,20.4913
2022-07-21,20.6562
2022-07-22,20.515
2022-07-25,20.4652
2022-07-26,20.433
2022-07-27,20.512
2022-07-28,20.3778
2022-07-29,20.3485
2022-08-01,20.2633
2022-08-02,20.5152
2022-08-03,20.6305
2022-08-04,20.3358
2022-08-05,20.401
2022-08-08,20.2789
2022-08-09,20.2715
2022-08-10,19.9562
2022-08-11,19.9595
2022-08-12,19.874
2022-08-15,19.8618
2022-08-16,19.9303
2022-08-17,20.0387
2022-08-18,20.0835
2022-08-19,20.1957
2022-08-22,20.1598
2022-08-23,19.9982
2022-08-24,19.9198
2022-08-25,19.9437
2022-08-26,19.9268
2022-08-29,19.9945
2022-08-30,20.1465
2022-08-31,20.0962
2022-09-01,20.2473
2022-09-02,19.9753
2022-09-05,19.962
2022-09-06,20.138
2022-09-07,20.0297
2022-09-08,20.0203
2022-09-09,19.9027
2022-09-12,19.7957
2022-09-13,20.055
2022-09-14,19.9768
2022-09-15,20.0525
2022-09-19,19.9943
2022-09-20,20.0
2022-09-21,20.0027
2022-09-22,19.9608
2022-09-23,20.1627
2022-09-26,20.3517
2022-09-27,20.357
2022-09-28,20.3058
2022-09-29,20.1927
2022-09-30,20.0925
2022-10-03,20.0008
2022-10-04,19.9698
2022-10-05,20.1267
2022-10-06,20.1087
2022-10-07,20.0502
2022-10-10,19.9752
2022-10-11,19.9652
2022-10-12,20.0352
2022-10-13,20.0398
2022-10-14,20.0838
2022-10-17,19.9913
2022-10-18,20.0207
2022-10-19,20.1272
2022-10-20,20.0448
2022-10-21,19.9647
2022-10-24,19.9535
2022-10-25,19.8712
2022-10-26,19.8553
2022-10-27,19.8365
2022-10-28,19.8303
2022-10-31,19.8245
2022-11-01,19.7463
2022-11-03,19.6673
2022-11-04,19.5202
2022-11-07,19.4647
2022-11-08,19.4775
2022-11-09,19.5887
2022-11-10,19.394
2022-11-11,19.5353
2022-11-14,19.4015
2022-11-15,19.3818
2022-11-16,19.3137
2022-11-17,19.4333
2022-11-18,19.493
2022-11-22,19.4667
2022-11-23,19.3683
2022-11-24,19.3692
2022-11-25,19.3393
2022-11-28,19.325
2022-11-29,19.216
2022-11-30,19.3965
2022-12-01,19.1433
2022-12-02,19.3422
2022-12-05,19.7567
2022-12-06,19.803
2022-12-07,19.6977
2022-12-08,19.6732
2022-12-09,19.8192
2022-12-13,19.6458
2022-12-14,19.6955
2022-12-15,19.7963
2022-12-16,19.7932
2022-12-19,19.7557
2022-12-20,19.7482
2022-12-21,19.6932
2022-12-22,19.574
2022-12-23,19.4287
2022-12-26,19.3983
2022-12-27,19.4407
2022-12-28,19.4143
2022-12-29,19.3615
2022-12-30,19.4715
2023-01-02,19.4883
2023-01-03,19.422
2023-01-04,19.3568
2023-01-05,19.3672
2023-01-06,19.1753
2023-01-09,19.1648
2023-01-10,19.1108
2023-01-11,19.026
2023-01-12,18.8735
2023-01-13,18.7922
2023-01-16,18.7913
2023-01-17,18.7493
2023-01-18,18.7493
2023-01-19,19.0327
2023-01-20,18.9257
2023-01-23,18.8267
2023-01-24,18.8318
2023-01-25,18.82
2023-01-26,18.8355
2023-01-27,18.7872
2023-01-30,18.7793
2023-01-31,18.7937
2023-02-01,18.739
2023-02-02,18.6232
2023-02-03,18.8895
2023-02-07,19.0517
2023-02-08,18.9435
2023-02-09,18.9543
2023-02-10,18.6893
2023-02-13,18.6327
2023-02-14,18.5383
2023-02-15,18.6428
2023-02-16,18.5497
2023-02-17,18.4142
2023-02-20,18.397
2023-02-21,18.3938
2023-02-22,18.3483
2023-02-23,18.4107
2023-02-24,18.4023
2023-02-27,18.4077
2023-02-28,18.3448
2023-03-01,18.17
2023-03-02,18.126
2023-03-03,18.0123
2023-03-06,18.0122
2023-03-07,18.1155
2023-03-08,17.9662
2023-03-09,18.0577
2023-03-10,18.4083
2023-03-13,18.8302
2023-03-14,18.6427
2023-03-15,18.9972
2023-03-16,18.9095
2023-03-17,18.8977
2023-03-21,18.6755
2023-03-22,18.5437
2023-03-23,18.4902
2023-03-24,18.5178
2023-03-27,18.383
2023-03-28,18.2523
2023-03-29,18.1052
2023-03-30,18.0932
2023-03-31,18.0415
2023-04-03,18.107
2023-04-04,18.1185
2023-04-05,18.3323
2023-04-10,18.1765
2023-04-11,18.187
2023-04-12,18.066
2023-04-13,18.0152
2023-04-14,18.0638
2023-04-17,18.0868
2023-04-18,18.063
2023-04-19,18.0448
2023-04-20,18.009
2023-04-21,17.9988
2023-04-24,18.0082
2023-04-25,18.0892
2023-04-26,18.103
2023-04-27,18.0723
2023-04-28,17.9975
2023-05-02,18.0325
2023-05-03,17.906
2023-05-04,17.9575
2023-05-05,17.7863
2023-05-08,17.8213
2023-05-09,17.7608
2023-05-10,17.5845
2023-05-11,17.6287
2023-05-12,17.6142
2023-05-15,17.538
2023-05-16,17.4672
2023-05-17,17.5872
2023-05-18,17.7342
2023-05-19,17.693
2023-05-22,17.868
2023-05-23,17.9687
2023-05-24,17.8195
2023-05-25,17.8252
2023-05-26,17.6723
2023-05-29,17.5605
2023-05-30,17.6532
2023-05-31,17.7418
2023-06-01,17.5673
2023-06-02,17.5063
2023-06-05,17.4732
2023-06-06,17.4192
2023-06-07,17.3608
2023-06-08,17.4085
2023-06-09,17.284
2023-06-12,17.312
2023-06-13,17.2185
2023-06-14,17.1247
2023-06-15,17.1762
2023-06-16,17.0792
2023-06-19,17.0945
2023-06-20,17.2043
2023-06-21,17.1547
2023-06-22,17.1713
2023-06-23,17.1795
2023-06-26,17.1445
2023-06-27,17.1013
2023-06-28,17.072
2023-06-29,17.1187
2023-06-30,17.1358
2023-07-03,17.0517
2023-07-04,17.026
2023-07-05,17.004
2023-07-06,17.2825
2023-07-07,17.1012
2023-07-10,17.0605
2023-07-11,17.0783
2023-07-12,16.8537
2023-07-13,16.8905
2023-07-14,16.7892
2023-07-17,16.7858
2023-07-18,16.748
2023-07-19,16.7667
2023-07-20,16.846
2023-07-21,16.9393
2023-07-24,16.8367
2023-07-25,16.9075
2023-07-26,16.8825
2023-07-27,16.7338
2023-07-28,16.6895
2023-07-31,16.7303
2023-08-01,16.8533
2023-08-02,17.0193
2023-08-03,17.2892
2023-08-04,17.0555
2023-08-07,17.0608
2023-08-08,17.1122
2023-08-09,17.0767
2023-08-10,16.9548
2023-08-11,17.0045
2023-08-14,17.0672
2023-08-15,17.1388
2023-08-16,17.0768
2023-08-17,17.1225
2023-08-18,17.0477
2023-08-21,17.0202
2023-08-22,16.9267
2023-08-23,16.8077
2023-08-24,16.809
2023-08-25,16.7718
2023-08-28,16.7432
2023-08-29,16.8402
2023-08-30,16.7477
2023-08-31,16.917
2023-09-01,17.1113
2023-09-04,17.175
2023-09-05,17.3492
2023-09-06,17.5805
2023-09-07,17.5543
2023-09-08,17.5767
2023-09-11,17.3813
2023-09-12,17.2553
2023-09-13,17.1235
2023-09-14,17.1042
2023-09-15,17.0807
2023-09-18,17.1307
2023-09-19,17.0805
2023-09-20,17.024
2023-09-21,17.1675
2023-09-22,17.1568
2023-09-25,17.3733
2023-09-26,17.4758
2023-09-27,17.7287
2023-09-28,17.6195
2023-09-29,17.4127
2023-10-02,17.592
2023-10-03,17.9025
2023-10-04,18.017
2023-10-05,18.2407
2023-10-06,18.1837
2023-10-09,18.3482
2023-10-10,17.9917
2023-10-11,17.842
2023-10-12,17.9132
2023-10-13,18.0362
2023-10-16,17.9568
2023-10-17,17.9097
2023-10-18,18.244
2023-10-19,18.2873
2023-10-20,18.2343
2023-10-23,18.1218
2023-10-24,18.2842
2023-10-25,18.3122
2023-10-26,18.2178
2023-10-27,18.0752
2023-10-30,18.064
2023-10-31,18.0368
2023-11-01,17.9305
2023-11-03,17.4117
2023-11-06,17.5308
2023-11-07,17.5097
2023-11-08,17.5017
2023-11-09,17.4888
2023-11-10,17.748
2023-11-13,17.6138
2023-11-14,17.3917
2023-11-15,17.3387
2023-11-16,17.2708
2023-11-17,17.2175
2023-11-21,17.2102
2023-11-22,17.2133
2023-11-23,17.1787
2023-11-24,17.1268
2023-11-27,17.1555
2023-11-28,17.1357
2023-11-29,17.187
2023-11-30,17.373
2023-12-01,17.2143
2023-12-04,17.406
2023-12-05,17.4215
2023-12-06,17.2685
2023-12-07,17.4197
2023-12-08,17.3688
2023-12-11,17.447
2023-12-13,17.398
2023-12-14,17.299
2023-12-15,17.1908
2023-12-18,17.2277
2023-12-19,17.0652
2023-12-20,17.0673
2023-12-21,17.059
2023-12-22,16.9738
2023-12-26,16.9727
2023-12-27,16.922
2023-12-28,16.8935
2023-12-29,16.919
2024-01-02,17.0297
2024-01-03,17.0492
2024-01-04,17.0458
2024-01-05,16.8987
2024-01-08,16.8133
2024-01-09,16.9347
2024-01-10,16.9912
2024-01-11,16.9898
2024-01-12,16.858
2024-01-15,16.8983
2024-01-16,17.1598
2024-01-17,17.2957
2024-01-18,17.1995
2024-01-19,17.1325
2024-01-22,17.1125
2024-01-23,17.352
2024-01-24,17.1673
2024-01-25,17.2375
2024-01-26,17.1657
2024-01-29,17.2333
2024-01-30,17.1932
2024-01-31,17.1633
2024-02-01,17.1335
2024-02-02,17.1447
2024-02-06,17.0357
2024-02-07,17.0398
2024-02-08,17.1023
2024-02-09,17.0855
2024-02-12,17.068
2024-02-13,17.1982
2024-02-14,17.1105
2024-02-15,17.068
2024-02-16,17.0602
2024-02-19,17.05
2024-02-20,17.0458
2024-02-21,17.0603
2024-02-22,17.121
2024-02-23,17.126
2024-02-26,17.126
2024-02-27,17.0605
2024-02-28,17.0962
2024-02-29,17.0633
2024-03-01,17.0217
2024-03-04,16.9828
2024-03-05,16.9257
2024-03-06,16.8728
2024-03-07,16.877
2024-03-08,16.7985
2024-03-11,16.8083
2024-03-12,16.8272
2024-03-13,16.7127
2024-03-14,16.692
2024-03-15,16.71
2024-03-19,16.8523
2024-03-20,16.759
2024-03-21,16.762
2024-03-22,16.7367
2024-03-25,16.7032
2024-03-26,16.678
2024-03-27,16.5323
2024-04-01,16.6578
2024-04-02,16.5673
2024-04-03,16.5415
2024-04-04,16.5173
2024-04-05,16.4758
2024-04-08,16.3357
2024-04-09,16.3932
2024-04-10,16.4883
2024-04-11,16.4583
2024-04-12,16.6693
2024-04-15,16.6815
2024-04-16,17.0252
2024-04-17,16.9948
2024-04-18,17.1145
2024-04-19,17.212
2024-04-22,17.1243
2024-04-23,16.9995
2024-04-24,17.1098
2024-04-25,17.1883
2024-04-26,17.1552
2024-04-29,17.0243
2024-04-30,17.0958
2024-05-02,16.9393
2024-05-03,17.0042
2024-05-06,16.8947
2024-05-07,16.9083
2024-05-08,16.9087
2024-05-09,16.866
2024-05-10,16.769
2024-05-13,16.8072
2024-05-14,16.846
2024-05-15,16.6782
2024-05-16,16.6893
2024-05-17,16.6217
2024-05-20,16.5668
2024-05-21,16.6138
2024-05-22,16.6405
2024-05-23,16.6945
2024-05-24,16.7023
2024-05-27,16.6568
2024-05-28,16.7457
2024-05-29,16.95
2024-05-30,16.9377
2024-05-31,17.0177
2024-06-03,17.6338
2024-06-04,17.8607
2024-06-05,17.5592
2024-06-06,17.5335
2024-06-07,18.2622
2024-06-10,18.3848
2024-06-11,18.4457
2024-06-12,18.7832
2024-06-13,18.5385
2024-06-14,18.4512
2024-06-17,18.5248
2024-06-18,18.4128
2024-06-19,18.423
2024-06-20,18.4027
2024-06-21,18.1848
2024-06-24,17.9627
2024-06-25,18.1372
2024-06-26,18.2215
2024-06-27,18.3773
2024-06-28,18.2478
2024-07-01,18.3897
2024-07-02,18.2485
2024-07-03,18.1355
2024-07-04,18.0958
2024-07-05,18.0977
2024-07-08,18.0095
2024-07-09,17.9428
2024-07-10,17.8288
2024-07-11,17.8192
2024-07-12,17.6502
2024-07-15,17.7837
2024-07-16,17.6795
2024-07-17,17.7438
2024-07-18,17.8907
2024-07-19,17.997
2024-07-22,17.9107
2024-07-23,18.0987
2024-07-24,18.3458
2024-07-25,18.385
2024-07-26,18.4475
2024-07-29,18.6818
2024-07-30,18.79
2024-07-31,18.597
2024-08-01,18.706
2024-08-02,19.0442
2024-08-05,19.3905
2024-08-06,19.33
2024-08-07,19.189
2024-08-08,19.09
2024-08-09,18.8368
2024-08-12,19.032
2024-08-13,19.0387
2024-08-14,18.8478
2024-08-15,18.6513
2024-08-16,18.6228
2024-08-19,18.7357
2024-08-20,18.9448
2024-08-21,19.2535
2024-08-22,19.4235
2024-08-23,19.0708
2024-08-26,19.382
2024-08-27,19.6692
2024-08-28,19.6037
2024-08-29,19.8168
2024-08-30,19.6535
2024-09-02,19.798
2024-09-03,19.8335
2024-09-04,19.846
2024-09-05,20.0028
2024-09-06,20.0172
2024-09-09,19.8798
2024-09-10,20.0583
2024-09-11,19.839
2024-09-12,19.5887
2024-09-13,19.2483
2024-09-17,19.267
2024-09-18,19.3033
2024-09-19,19.2773
2024-09-20,19.3725
2024-09-23,19.415
2024-09-24,19.3562
2024-09-25,19.587
2024-09-26,19.629
2024-09-27,19.6697
2024-09-30,19.644
2024-10-02,19.3885
2024-10-03,19.4678
2024-10-04,19.2127
2024-10-07,19.3388
2024-10-08,19.3532
2024-10-09,19.4175
2024-10-10,19.5113
2024-10-11,19.3983
2024-10-14,19.342
2024-10-15,19.62
2024-10-16,19.8925
2024-10-17,19.9313
2024-10-18,19.8325
2024-10-21,20.0075
2024-10-22,19.8985
2024-10-23,19.9338
2024-10-24,19.8385
2024-10-25,19.9303
2024-10-28,20.0007
2024-10-29,20.0208
2024-10-30,20.1617
2024-10-31,20.0378
2024-11-01,20.0908
2024-11-04,20.0367
2024-11-05,20.2695
2024-11-06,20.3093
2024-11-07,19.8277
2024-11-08,20.1332
2024-11-11,20.4502
2024-11-12,20.5693
2024-11-13,20.6025
2024-11-14,20.494
2024-11-15,20.3887
2024-11-19,20.1848
2024-11-20,20.2903
2024-11-21,20.3775
2024-11-22,20.4872
2024-11-25,20.2993
2024-11-26,20.7185
2024-11-27,20.6418
2024-11-28,20.4173
2024-11-29,20.3212
2024-12-02,20.4357
2024-12-03,20.3233
2024-12-04,20.283
2024-12-05,20.1963
2024-12-06,20.2275
2024-12-09,20.1547
2024-12-10,20.2485
2024-12-11,20.1647
2024-12-13,20.142
2024-12-16,20.1448
2024-12-17,20.2363
2024-12-18,20.1395
2024-12-19,20.4402
2024-12-20,20.1035
2024-12-23,20.1948
2024-12-24,20.1558
2024-12-26,20.1657
2024-12-27,20.2683
2024-12-30,20.5103
2024-12-31,20.7862
2025-01-02,20.6917
2025-01-03,20.6708
2025-01-06,20.3195
2025-01-07,20.344
2025-01-08,20.3823
2025-01-09,20.4742
2025-01-10,20.7045
2025-01-13,20.8012
2025-01-14,20.482
2025-01-15,20.4875
2025-01-16,20.7732
2025-01-17,20.718
2025-01-20,20.543
2025-01-21,20.6358
2025-01-22,20.5397
2025-01-23,20.3943
2025-01-24,20.2255
2025-01-27,20.7002
2025-01-28,20.5668
2025-01-29,20.5677
2025-01-30,20.4497
2025-01-31,20.6068
2025-02-04,20.4268
2025-02-05,20.6363
2025-02-06,20.5125
2025-02-07,20.5512
2025-02-10,20.6693
2025-02-11,20.568
2025-02-12,20.4917
2025-02-13,20.4978
2025-02-14,20.3082
2025-02-17,20.283
2025-02-18,20.2617
2025-02-19,20.4208
2025-02-20,20.3733
2025-02-21,20.3448
2025-02-24,20.464
2025-02-25,20.4683
2025-02-26,20.4277
2025-02-27,20.4722
2025-02-28,20.508
2025-03-03,20.4333
2025-03-04,20.8518
2025-03-05,20.3893
2025-03-06,20.2777
2025-03-07,20.283
2025-03-10,20.2922
2025-03-11,20.3388
2025-03-12,20.1828
2025-03-13,20.0848
2025-03-14,19.8693
2025-03-18,19.9845
2025-03-19,20.0553
2025-03-20,20.1345
2025-03-21,20.2163
2025-03-24,20.1123
2025-03-25,20.0762
2025-03-26,20.0963
2025-03-27,20.3182
2025-03-28,20.4003
2025-03-31,20.438
2025-04-01,20.3587
2025-04-02,20.4568
2025-04-03,19.9708
2025-04-04,20.501
2025-04-07,20.6947
2025-04-08,20.6867
2025-04-09,20.7653
2025-04-10,20.492
2025-04-11,20.3363
2025-04-14,20.1025
2025-04-15,20.0213
2025-04-16,19.9737
2025-04-21,19.6718
2025-04-22,19.5688
2025-04-23,19.6278
2025-04-24,19.5825
2025-04-25,19.5478
2025-04-28,19.5723
2025-04-29,19.5868
2025-04-30,19.6095
2025-05-02,19.657
2025-05-05,19.6365
2025-05-06,19.6785
2025-05-07,19.588
2025-05-08,19.5642
2025-05-09,19.4912
2025-05-12,19.6162
2025-05-13,19.4373
2025-05-14,19.363
2025-05-15,19.478
2025-05-16,19.5147
2025-05-19,19.3723
2025-05-20,19.2648
2025-05-21,19.3198
2025-05-22,19.3227
2025-05-23,19.2748
2025-05-26,19.2188
2025-05-27,19.2338
2025-05-28,19.4
2025-05-29,19.328
2025-05-30,19.3858
2025-06-02,19.2338
2025-06-03,19.2638
2025-06-04,19.1932
2025-06-05,19.17
2025-06-06,19.1317
2025-06-09,19.0595
2025-06-10,19.0518
2025-06-11,18.879
2025-06-12,18.9068
2025-06-13,18.9302
2025-06-16,18.9083
2025-06-17,18.9872
2025-06-18,19.0047
2025-06-19,19.0898
2025-06-20,19.1458
2025-06-23,19.1527
2025-06-24,19.0267
2025-06-25,18.9203
2025-06-26,18.8928
2025-06-27,18.8483
2025-06-30,18.8332
2025-07-01,18.765
2025-07-02,18.754
2025-07-03,18.6652
2025-07-04,18.6327
2025-07-07,18.6698
2025-07-08,18.714
2025-07-09,18.5733
2025-07-10,18.6267
2025-07-11,18.6595
2025-07-14,18.751
2025-07-15,18.8397
2025-07-16,18.7178
2025-07-17,18.7685
2025-07-18,18.72
2025-07-21,18.6455
2025-07-22,18.6212
2025-07-23,18.5735
2025-07-24,18.5538
2025-07-25,18.557
2025-07-28,18.7267
2025-07-29,18.7642
2025-07-30,18.796
2025-07-31,18.7963
2025-08-01,18.916
2025-08-04,18.8783
2025-08-05,18.762
2025-08-06,18.6192
2025-08-07,18.6765
2025-08-08,18.5518
2025-08-11,18.6683
2025-08-12,18.5657
2025-08-13,18.6353
2025-08-14,18.8137
2025-08-15,18.7295
2025-08-18,18.784
2025-08-19,18.7982
2025-08-20,18.7572
2025-08-21,18.7737
2025-08-22,18.595
2025-08-25,18.6368
2025-08-26,18.6843
2025-08-27,18.6912
2025-08-28,18.6522
2025-08-29,18.644
2025-09-01,18.646
2025-09-02,18.7072
2025-09-03,18.6873
2025-09-04,18.7577
2025-09-05,18.6792
2025-09-08,18.655
2025-09-09,18.6353
2025-09-10,18.592
2025-09-11,18.5287
2025-09-12,18.4757
2025-09-15,18.3635
2025-09-17,18.3257
2025-09-18,18.361
2025-09-19,18.3892
2025-09-22,18.4082
2025-09-23,18.3232
2025-09-24,18.4312
2025-09-25,18.4457
2025-09-26,18.3825
2025-09-29,18.3507
2025-09-30,18.3342
2025-10-01,18.3477
2025-10-02,18.4843
2025-10-03,18.3902
2025-10-06,18.3528
2025-10-07,18.3762
2025-10-08,18.3477
2025-10-09,18.383
2025-10-10,18.5567
2025-10-13,18.44
2025-10-14,18.522
2025-10-15,18.4808
2025-10-16,18.4108
2025-10-17,18.407
2025-10-20,18.4032
2025-10-21,18.4252
2025-10-22,18.4333
2025-10-23,18.4033
2025-10-24,18.3948
2025-10-27,18.3892
2025-10-28,18.4145
2025-10-29,18.4072
